OR No.,Date,2nd Receipt No.,Debtor,Company Name,Description,Amount,Unapplied Amount
BR 2601-001,2026-01-01,,300-N103,EK : SMK Tunku Abdul Rahman Putra (STAR),PAYMENT FOR EK3_LEMB x25,375.0,0
BR 2601-002,2026-01-01,,300-J031,IPG : IPGK Perempuan Melayu,PAYMENT FOR PENGHAYATAN ETIKA x27,600.0,0
BR 2601-003,2026-01-02,,300-S220,SMK : SMK Seri Jementah,PAYMENT,294.0,0
BR 2601-004,2026-01-02,,300-A127,IPG : IPGK Tun Hussein Onn,PAYMENT FOR PENDIDIKAN ISLAM x39,780.0,0
BR 2601-005,2026-01-09,,300-H007,PAM : SMJK Seg Hwa,"PAYMENT FOR PA2_NOTA x7, PA2_MTP x7",322.0,0
BR 2601-006,2026-01-12,OR03409,300-S117,SMK : SMK Telok Kerang,PAYMENT,900.0,0
BR 2601-007,2026-01-12,OR03410,300-S117,SMK : SMK Telok Kerang,PAYMENT,1000.0,0
BR 2601-008,2026-01-12,OR03411,300-S024,SMK : SMK Tan Sri Osman Mohd Sa'at,PAYMENT,4639.5,0
BR 2601-009,2026-01-13,,300-P014,PAM : SMK Dato Sulaiman,"PAYMENT FOR PA2_NOTA x20, PA2_MTP x20, GRAF x20",1000.0,0
BR 2601-010,2026-01-13,,300-S097,PAM : SMK Tengku Mahmud Iskandar (STMI),PAYMENT FOR PA3_NOTA x10,260.0,0
BR 2601-011,2026-01-13,OR02761,300-S281,SMK : SMK Seri Kota,PAYMENT,890.0,0
BR 2601-012,2026-01-14,,300-W009,IPG : IPGK Temenggong Ibrahim,PAYMENT FOR KURIKULUM DAN PENTAKSIRAN x22,506.0,0
CR 2601-001,2026-01-14,OR02760,300-H053,BM : SMK Tinggi Muar,"PAYMENT FOR BM2_NOTA x10, BM2_MTP x10",240.0,0
BR 2601-013,2026-01-15,,300-K063,IPG : IPGK Tun Hussein Onn,PAYMENT FOR PENGANTAR BM KOMUNIKASI_x100,2200.0,0
CR 2601-002,2026-01-15,OR03412,300-A032,SJH : SMK Dato Sri Amar Diraja,PAYMENT FOR SJH1_MTP x28,280.0,0
BR 2601-014,2026-01-19,OR02763,300-A082,SJH : SMJK Pulau Sebang,PAYMENT FOR SJH2_MTP x10,160.0,0
BR 2601-015,2026-01-19,,300-Z022,PP : SMK Bandar Mas,"PAYMENT FOR PP2_MODUL x5, PP2_MTP x5",160.0,0
BR 2601-016,2026-01-20,,300-S173,PAM : SMK Tunku Abdul Rahman Putra (STAR),"PAYMENT FOR PA2_MTP x32, GRAF x32",512.0,0
BR 2601-017,2026-01-20,OR03413,300-N010,PAM : SMK Aminuddin Baki,"PAYMENT FOR PAM3_NOTA x15, PAM3_MTP x15",570.0,0
BR 2601-018,2026-01-20,,300-A131,STUDENT : IPGK Temenggong Ibrahim,PAYMENT FOR EFFECTIVE COMMUNICATION IN ENGLISH x24,528.0,0
BR 2601-019,2026-01-21,,300-K069,STUDENT : IPGK Temenggong Ibrahim,PAYMENT FOR EFFECTIVE COMMUNICATION IN ENGLISH x25,550.0,0
BR 2601-020,2026-01-21,OR03090,300-Z003,GKT : SMK Taman Mutiara Rini 2,"PAYMENT FOR GKT4 x15, GKT5 x20, SPM x20",1610.0,0
BR 2601-021,2026-01-21,,300-N075,PAM : SMK Gelang Patah,"PAYMENT FOR PA2_NOTA x18, PA2_MTP x18, GRAF x18",900.0,0
BR 2601-022,2026-01-22,,300-A105,PAM : SMK Datin Onn Jaafar,PAYMENT FOR GRAF x20,80.0,0
BR 2601-023,2026-01-22,OR03415,300-N141,AKAUN : SMK Tinggi Melaka,PAYMENT FOR AKAUN2_RUJ x20,500.0,0
BR 2601-024,2026-01-22,,300-F038,IPG : IPGK Tun Hussein Onn,PAYMENT FOR PROFESSIONALISME x74,1850.0,0
BR 2601-025,2026-01-22,OR03091,300-S097,PAM : SMK Tengku Mahmud Iskandar (STMI),PAYMENT FROM CG NADIA FOR PA3_NOTA x8,208.0,0
BR 2601-026,2026-01-22,,300-S289,STUDENT : IPGK Temenggong Ibrahim,PAYMENT FOR EFFECTIVE COMMUNICATION IN ENGLISH x25,550.0,0
BR 2601-027,2026-01-22,OR03092,300-S097,PAM : SMK Tengku Mahmud Iskandar (STMI),PAYMENT FROM CG MASNORZAIN FOR PA3_NOTA x7,182.0,0
BR 2601-028,2026-01-23,,300-J018,BM : SMK Pasir Gudang 2,"PAYMENT FOR BM2_NOTA x10, BM2_MTP x10",250.0,0
BR 2601-029,2026-01-23,OR03416,300-M076,EK : SMK Tun Ismail,PAYMENT FOR EK2_LEMB x9,180.0,0
CR 2601-003,2026-01-23,OR02762,300-K011,KMK : Kolej Tingkatan Enam Pontian,PAYMENT FOR KMK2_MTP x16,192.0,0
BR 2601-030,2026-01-23,,300-F040,IPG : IPGK Perempuan Melayu,PAYMENT FOR PENGAJIAN AKHLAK ISLAMIAH x12,480.0,0
BR 2601-031,2026-01-23,,300-F040,IPG : IPGK Perempuan Melayu,PAYMENT FOR PENGAJIAN AKHLAK ISLAMIAH x8,320.0,0
BR 2601-032,2026-01-23,,300-F005,PAM : SMK Gelang Patah,"PAYMENT FOR PA2_NOTA x19, PA2_MTP x19, GRAF x38",1026.0,0
BR 2601-033,2026-01-23,,300-S284,SMK : SMK Anjung Batu,PAYMENT,610.0,0
BR 2601-034,2026-01-23,,300-S055,SMK : Kolej Tingkatan Enam Pontian,PAYMENT,120.0,0
BR 2601-035,2026-01-24,,300-N139,STUDENT : IPGK Temenggong Ibrahim,PAYMENT FOR EFFECTIVE COMMUNICATION IN ENGLISH x25,550.0,0
BR 2601-036,2026-01-26,,300-N113,PAM : SMKA Sharifah Rodziah,"PAYMENT FOR PA2_NOTA x23, PA2_MTP x23, GRAF x23",1150.0,0
BR 2601-037,2026-01-26,OR03417,300-N142,STUDENT : IPGK Temenggong Ibrahim,PAYMENT FOR EFFECTIVE COMMUNICATION IN ENGLISH x20,440.0,0
BR 2601-038,2026-01-26,,300-A030,GKT : SMK Kota Masai 2,"PAYMENT FOR GKT4 x20, GKT5 x17",1190.0,0
BR 2601-039,2026-01-26,,300-F005,PAM : SMK Gelang Patah,"PAYMENT FOR PA2_NOTA x2, PA2_MTP x2, GRAF x4",108.0,0
BR 2601-040,2026-01-26,,300-R065,IPG : IPGK Tun Hussein Onn,PAYMENT FOR SOSIOLOGI DALAM PEMDIDIKAN x112,2800.0,0
BR 2601-041,2026-01-26,,300-S261,SJH : SMK Dato Penggawa Timur,PAYMENT FOR SJH2_MTP x90,1440.0,0
BR 2601-042,2026-01-26,,300-P017,PAM : SMK Dato Bentara Dalam,"PAYMENT FOR PA2_NOTA x10, GRAF x10",380.0,0
BR 2601-043,2026-01-26,,300-N143,STUDENT : IPGK Temenggong Ibrahim,PAYMENT FOR EFFECTIVE COMMUNICATION IN ENGLISH x26,572.0,0
CR 2601-004,2026-01-26,OR03418,300-Z003,GKT : SMK Taman Mutiara Rini 2,PAYMENT FOR GKT4 x2,68.0,0
CR 2601-005,2026-01-26,OR03419,300-Z052,GKT : SMK Taman Universiti,PAYMENT FOR GKT4 x4,136.0,0
BR 2601-044,2026-01-26,,300-L008,GKT : SMK Tun Fatimah Hashim,"PAYMENT FOR GKT4 x23, GKT5 x26, SPM x26",2212.0,0
BR 2601-045,2026-01-26,,300-W009,IPG : IPGK Temenggong Ibrahim,PAYMENT FOR BUKU PENGAJIAN KURIKULUM x14,350.0,0
BR 2601-071,2026-01-26,,300-K008,KOP : Koperasi SMK Gemereh,PAYMENT,890.0,0
BR 2601-046,2026-01-27,OR03421,300-A045,BM : SMK Munshi Ibrahim,"PAYMENT FOR BM2_NOTA x14, BM2_MTP x14",336.0,0
BR 2601-047,2026-01-27,,300-N063,GKT : SMK Kangkar Pulai,PAYMENT FOR GKT4 x16,544.0,0
BR 2601-048,2026-01-27,,300-A098,IPG : IPGK Temenggong Ibrahim,PAYMENT FOR PENGANTAR PENGAJIAN PENDIDIKAN x1,25.0,0
BR 2601-049,2026-01-27,,300-N035,GEO : SMK Dato Bentara Dalam,"PAYMENT FOR GEO2_LEMB x11, GRAF x15",302.0,0
BR 2601-050,2026-01-27,OR03093,300-C001,RETAIL,PAYMENT,64.0,0
BR 2601-051,2026-01-27,,300-Z047,BM : SMK Gelang Patah,PAYMENT FOR BM2_MTP x39,468.0,0
CR 2601-006,2026-01-27,OR03420,300-T005,SJH : SMK Labis,PAYMENT FOR SJH2_MTP x7,112.0,0
BR 2601-052,2026-01-27,,300-S227,GKT : SMK Pasir Putih,"PAYMENT FOR GKT5 x40, SPM x40",2200.0,0
BR 2601-053,2026-01-28,,300-S294,PSV : SMK Ledang,"PAYMENT FOR SV2_RUJ x10, SV2_LEMB x10",480.0,0
BR 2601-054,2026-01-28,,300-Z019,KMK : SMK Iskandar Shah,"PAYMENT FOR KMK2_RUJ x10, KMK2_MTP x10",590.0,0
BR 2601-055,2026-01-28,,300-S160,PAM : SMK Agama Segamat,"PAYMENT FOR PA2_NOTA x33, PA2_MTP x33, GRAF x100",1918.0,0
BR 2601-056,2026-01-28,,300-S261,SJH : SMK Dato Penggawa Timur,PAYMENT FOR SJH2_MTP x3,48.0,0
BR 2601-057,2026-01-28,,300-M077,IPG : IPGK Temenggong Ibrahim,PAYMENT FOR EFFECTIVE COMMUNICATION IN ENGLISH x4,88.0,0
CR 2601-007,2026-01-28,OR03422,300-A025,SJH : SMK Bandar Tenggara,PAYMENT FOR SJH2_MTP x10,160.0,0
BR 2601-058,2026-01-29,OR03094,300-H077,IPG : IPGK Tun Hussein Onn,PAYMENT FROM EN ZULNAZMI FOR EFFECTIVE COMMUNICATION IN ENGLISH x98,2156.0,0
BR 2601-059,2026-01-29,,300-S076,PP : SMK Dato Jaafar,PAYMENT FOR PP2_MTP x83,830.0,0
BR 2601-060,2026-01-29,,300-S235,GKT : SMK Desa Cemerlang,"PAYMENT FOR GKT4 x12, GKT5 x11, SPM x11",1013.0,0
BR 2601-061,2026-01-29,,300-N010,PAM : SMK Aminuddin Baki,"PAYMENT FOR PA2_NOTA x5, PA2_MTP x5, GRAF x5",250.0,0
BR 2601-062,2026-01-29,,300-N114,PAM : SMKA Sultan Muhammad,PAYMENT FOR PA2_NOTA x10,340.0,0
BR 2601-063,2026-01-29,,300-F049,BM : SMK (P) Sultan Abu Bakar,"PAYMENT FOR BM2_NOTA x20, BM2_MTP x19",468.0,0
BR 2601-064,2026-01-29,,300-N011,PAM : Maktab Sultan Abu Bakar,"PAYMENT FOR PA2_NOTA x55, PA2_MTP x55, GRAF x55",2640.0,0
BR 2601-065,2026-01-29,,300-A123,IPG : IPGK Temenggong Ibrahim,PAYMENT FOR PENGANTAR PENGAJIAN PENDIDIKAN x11,275.0,0
BR 2601-066,2026-01-29,,300-N010,PAM : SMK Aminuddin Baki,"PAYMENT FOR PA2_NOTA x15, PA2_MTP x15, GRAF x15",750.0,0
BR 2601-067,2026-01-30,OR03423,300-H094,BIO : SMK Dato Sri Amar Diraja,"PAYMENT FOR BIO2_TOP X2, BIO2_MTP x1",56.0,0
BR 2601-068,2026-01-30,OR03095,300-R001,GKT : SMK Impian Emas,"PAYMENT FROM CG NURAZREEN FOR GKT4 x18, GKT5 x16, SPM x16",1492.0,0
BR 2601-069,2026-01-31,OR02766,300-N108,IPG : IPGK Tun Hussein Onn,"PAYMENT FOR PSIKOLOGI_RUJ x85, PSIKOLOGI_SP x28 ",2297.0,0
BR 2601-070,2026-01-31,OR02766,300-N109,IPG : IPGK Tun Hussein Onn,"PAYMENT FROM DR NORLIA FOR PSIKOLOGI_RUJ x61, PSIKOLOGI_SP x2",1537.0,0
BR 2602-001,2026-02-02,,300-R017,KMK : SMK (P) Sultan Abu Bakar,"PAYMENT FOR KMK2_RUJ x4, KMK2_MTP x4",236.0,0
BR 2602-002,2026-02-02,,300-S185,SJH : SMK Agama Segamat,PAYMENT FOR SJH2_MTP x33,528.0,0
BR 2602-003,2026-02-03,,300-A060,KMK : SMK Bandar Tenggara,"PAYMENT FOR KMK2_RUJ x15, KMK2_MTP x15",885.0,0
BR 2602-004,2026-02-03,,300-N104,PAM : SMK Pasir Gudang 2,PAYMENT FOR GRAF x48,192.0,0
BR 2602-005,2026-02-03,,300-N137,SJH : SMK Tun Perak,PAYMENT FOR SJH2_MTP x24,384.0,0
BR 2602-006,2026-02-03,,300-R017,KMK : SMK (P) Sultan Abu Bakar,"PAYMENT FOR KMK2_RUJ x5, KMK2_MTP x5",295.0,0
CR 2602-001,2026-02-03,OR03424,300-J012,KMK : SMK Sultan Alauddin,PAYMENT FOR KMK2_MTP x21,252.0,0
CR 2602-002,2026-02-03,OR03425,300-N054,AKAUN : SMK Tun Tuah,PAYMENT FOR AKAUN2_RUJ x24,600.0,0
CR 2602-003,2026-02-03,OR03426,300-C004,PSV : SMK Tun Tuah,"PAYMENT FOR SV2_RUJ x5, SV2_LEMB x16",460.0,0
BR 2602-007,2026-02-04,,300-K039,PSV : SMK Tun Perak,"PAYMENT FOR SV2_RUJ x24, SV2_LEMB x24",1152.0,0
BR 2602-008,2026-02-04,,300-S103,GEO : SMK Bandar Mas,PAYMENT FOR GEO2_LEMB x17,374.0,0
BR 2602-009,2026-02-04,,300-H086,ARAB : SMKA Bandar Penawar,PAYMENT FOR ARAB2_LEMB x20,360.0,0
BR 2602-010,2026-02-04,,300-R010,PAM : SMK Benut,PAYMENT FOR PA2_NOTA x28,952.0,0
BR 2602-011,2026-02-04,OR03096,300-L009,PAM : SMK Seri Tanjung,"PAYMENT FROM CG TIAN FOR PA2_NOTA x17, PA2_MTP x17, GRAF x17",850.0,0
BR 2602-012,2026-02-04,,300-S301,STUDENT : IPGK Temenggong Ibrahim,PAYMENT FOR EFFECTIVE COMMUNICATION IN ENGLISH x6,132.0,0
BR 2602-013,2026-02-05,,300-K018,KOP : Koperasi Kolej Tingkatan 6 Tun Fatimah (KUNTUM),"PAYMENT FOR PA3_NOTA x157, PA3_MTP x105, KMK3_MTP x12, SJH3_MTP x4",5510.0,0
BR 2602-014,2026-02-05,OR03097,300-H001,GKT : SMK Telok Mas,PAYMENT FROM CG KHAIRUL FOR GKT4 x15,510.0,0
BR 2602-015,2026-02-05,,300-L009,PAM : SMK Seri Tanjung,"PAYMENT FOR PA2_NOTA x16, PA2_MTP x16, GRAF x32",864.0,0
BR 2602-016,2026-02-05,OR03099,300-L009,PAM : SMK Seri Tanjung,PAYMENT FROM CG TIAN FOR GRAF x17,68.0,0
BR 2602-017,2026-02-05,,300-N146,PP : SMK Datuk Bendahara,PAYMENT FOR PP2_MTP x19,190.0,0
BR 2602-018,2026-02-05,,300-M018,GEO : SMK Datuk Menteri,PAYMENT FOR GEO3_MTP x19,190.0,0
BR 2602-019,2026-02-05,,300-A061,BM : SMK Bandar Kota Tinggi,"PAYMENT FOR BM1_NOTA x5, BM1_MTP x7, BM3_NOTA x2, BM3_MTP x12",307.0,0
BR 2602-020,2026-02-05,OR03100,300-K006,PAM : SMK Ledang,PAYMENT FROM CG NURUL AQMA FOR PA2_NOTA x66,2244.0,0
BR 2602-021,2026-02-05,OR03100,300-N152,PAM : SMK Ledang,PAYMENT FOR GRAF x67,268.0,0
BR 2602-022,2026-02-05,,300-S237,PAM : SMK Lubok China,"PAYMENT FOR PA2_NOTA x13, PA2_MTP X13",598.0,0
BR 2602-023,2026-02-05,,300-N147,STUDENT : IPGK Temenggong Ibrahim,PAYMENT FOR EFFECTIVE COMMUNICATION IN ENGLISH x6,132.0,0
CR 2602-004,2026-02-05,OR03427,300-N150,ARAB : SMKA Sharifah Rodziah,PAYMENT FOR ARAB2_LEMB x23,414.0,0
BR 2602-024,2026-02-05,,300-N011,PAM : Maktab Sultan Abu Bakar,"PAYMENT FOR PA2_NOTA x21, PA2_MTP x21, GRAF x21",1008.0,0
BR 2602-025,2026-02-06,OR03429,300-N062,PAM : SMK Pekan Baru,"PAYMENT FOR PA2_MTP x13, GRAF x13",208.0,0
BR 2602-026,2026-02-06,,300-C007,PAM : SMK Munshi Abdullah,"PAYMENT FOR PA2_NOTA x24, PA2_MTP x8",912.0,0
BR 2602-027,2026-02-06,OR03430,300-P003,PSV : SMK Dato Onn,"PAYMENT FOR SV2_RUJ x10, SV2_LEMB x10",480.0,0
BR 2602-028,2026-02-06,,300-F027,BM : SMK Bandar Tenggara,PAYMENT FOR BM2_NOTA x63,756.0,0
BR 2602-029,2026-02-06,,300-S302,GEO : SMK Tun Syed Zahiruddin,PAYMENT FOR GEO2_LEMB x4,88.0,0
BR 2602-030,2026-02-06,,300-R083,PP : SMK Dato Sulaiman,PAYMENT FOR PP2_LEMB x26,572.0,0
BR 2602-031,2026-02-06,OR03432,300-G003,GEO : SMK (P) Temenggong Ibrahim (TIGS),PAYMENT FOR GEO2_LEMB x7,154.0,0
BR 2602-032,2026-02-06,OR02764,300-P015,PAM : SMK Datuk Bendahara,PAYMENT FROM CG HALIFAH FOR PA2_NOTA x27,918.0,0
CR 2602-005,2026-02-06,OR03428,300-N154,PSV : SMK Semerah,"PAYMENT FOR SV2_RUJ x11, SV2_LEMB x11",528.0,0
BR 2602-033,2026-02-06,,300-A133,STUDENT : IPGK Temenggong Ibrahim,PAYMENT FOR EFFECTIVE COMMUNICATION IN ENGLISH x12,264.0,0
BR 2602-034,2026-02-06,,300-M054,PAM : SMK Johor Jaya 1,PAYMENT FOR PA2_NOTA x60,2040.0,0
CR 2602-006,2026-02-06,OR03431,300-R055,PAM : SMK (P) Temenggong Ibrahim (TIGS),"PAYMENT FOR PA2_NOTA x23, PA2_MTP x23, GRAF x48",1250.0,0
BR 2602-035,2026-02-07,,300-N010,PAM : SMK Aminuddin Baki,"PAYMENT FOR PA2_NOTA x3, PA2_MTP x3, GRAF x3",150.0,0
BR 2602-036,2026-02-07,,300-K052,KOP : Koperasi Kolej Vokasional Kota Tinggi,PAYMENT FOR KV_ARAB2_x84,1512.0,0
BR 2602-037,2026-02-08,,300-R017,KMK : SMK (P) Sultan Abu Bakar,"PAYMENT FOR KMK2_RUJ x5, KMK2_MTP x5",300.0,0
BR 2602-038,2026-02-09,,300-I025,ARAB : Kolej Vokasional Pagoh,PAYMENT FOR KV_ARAB2 x29,522.0,0
BR 2602-039,2026-02-09,,300-R080,SJH : SMK Bandar Kota Tinggi,PAYMENT FOR SJH2_MTP x22,352.0,0
BR 2602-040,2026-02-09,,300-K072,BIO : SMK Tinggi Batu Pahat,PAYMENT FOR BIO2_TOP x3,48.0,0
BR 2602-041,2026-02-09,,300-F040,IPG : IPGK Perempuan Melayu,PAYMENT FOR PENGAJIAN AKHLAK ISLAMIAH x3,120.0,0
BR 2602-042,2026-02-09,,300-H092,PAM : SMK Pasir Gudang 2,"PAYMENT FOR PA2_NOTA x20, GRAF x20",760.0,0
CR 2602-007,2026-02-09,OR03433,300-C004,PSV : SMK Tun Tuah,PAYMENT FOR SV2_RUJ x10,280.0,0
BR 2602-043,2026-02-10,OR03436,300-N019,PAM : SMK Dato Mohd Yunos Sulaiman,"PAYMENT FOR PA2_MTP x16, GRAF x2",200.0,0
BR 2602-044,2026-02-10,OR03436,300-N019,PAM : SMK Dato Mohd Yunos Sulaiman,"PAYMENT FOR PA2_MTP x2, GRAF x34",160.0,0
BR 2602-045,2026-02-10,,300-H025,EK : SMK Johor Jaya 1,PAYMENT FOR EK2_LEMB x71,1420.0,0
BR 2602-046,2026-02-10,OR02765,300-R021,PAM : SMK Chaah,"PAYMENT FROM CG HAFIZUL FOR PA2_NOTA x20, PA2_MTP x20, GRAF x20",1000.0,0
BR 2602-047,2026-02-10,,300-Z019,KMK : SMK Iskandar Shah,"PAYMENT FOR KMK2_RUJ x1, KMK2_MTP x1",59.0,0
BR 2602-048,2026-02-10,,300-N108,IPG : IPGK Tun Hussein Onn,"PAYMENT FOR PSIKOLOGI_RUJ x15, PSIKOLOGI_SP x1 ",127.0,0
BR 2602-049,2026-02-10,,300-W006,BIO : Maktab Sultan Abu Bakar,"PAYMENT FOR BIO2_RUJ x2, TOP x15",340.0,0
CR 2602-008,2026-02-10,OR03434,300-H080,PP : SMK Dato Mohd Yunos Sulaiman,"PAYMENT FOR PP2_MODUL x14, PP2_MTP x14",448.0,0
CR 2602-009,2026-02-10,OR03435,300-N020,BM : SMK Dato Mohd Yunos Sulaiman,PAYMENT FOR BM2_MTP x36,432.0,0
BR 2602-050,2026-02-10,,300-S093,PAM : SMK Agama Segamat,"PAYMENT FOR PA2_NOTA x1, PA2_MTP x1",46.0,0
BR 2602-051,2026-02-10,,300-N075,PAM : SMK Gelang Patah,"PAYMENT FOR PA2_NOTA x1, PA2_MTP x1, GRAF x1",50.0,0
BR 2602-052,2026-02-11,,300-H074,BM : SMK Iskandar Shah,PAYMENT FOR BM2_NOTA x40,480.0,0
BR 2602-053,2026-02-11,,300-F038,IPG : IPGK Tun Hussein Onn,PAYMENT FOR PROFESSIONALISME x19,475.0,0
BR 2602-054,2026-02-11,,300-M042,BIO : SMK Ghafar Baba,"PAYMENT FOR BIO2_RUJ x4, MTP x1",224.0,0
BR 2602-055,2026-02-11,,300-N091,PAM : SMK Sultan Alauddin,"PAYMENT FOR PA2_NOTA x20, PA2_MTP x20, GRAF x50",1120.0,0
BR 2602-056,2026-02-11,,300-S108,AKAUN : SMK Johor Jaya 1,PAYMENT FOR AKAUN2_RUJ x25,625.0,0
BR 2602-057,2026-02-11,,300-K016,PAM : SMK Sultan Alauddin,"PAYMENT FOR PA2_NOTA x18, PA2_MTP x18, GRAF x18",900.0,0
CR 2602-010,2026-02-11,OR03437,300-K062,PAM : SMK Dato Seth,"PAYMENT FOR PA2_NOTA x25, GRAF x25",950.0,0
CR 2602-011,2026-02-11,OR03438,300-I011,PAM : SMK Dato Seth,"PAYMENT FOR PA2_NOTA x21, GRAF x21",798.0,0
BR 2602-058,2026-02-12,,300-N135,SJH : SMK Seri Medan,PAYMENT FOR SJH2_MTP x15,240.0,0
BR 2602-059,2026-02-12,,300-S096,PAM : SMK Bukit Gambir,"PAYMENT FOR PA2_NOTA x29, PA2_MTP x29",1334.0,0
BR 2602-060,2026-02-12,,300-H020,PAM : SMK Munshi Ibrahim,"PAYMENT FOR PA2_NOTA x6, PA2_MTP x6, GRAF x6",300.0,0
BR 2602-061,2026-02-12,,300-K063,IPG : IPGK Tun Hussein Onn,PAYMENT FOR PENGANTAR BM KOMUNIKASI_x50,1100.0,0
BR 2602-062,2026-02-12,,300-F002,GKT : SMK Seri Kota Puteri,"PAYMENT FOR GKT4 x5, GKT5 x6, SPM x6",500.0,0
BR 2602-063,2026-02-12,,300-N140,SJH : SMK Adela,PAYMENT FOR SJH2_MTP x12,192.0,0
BR 2602-064,2026-02-12,,300-J031,IPG : IPGK Perempuan Melayu,PAYMENT FOR PENGHAYATAN ETIKA x57,1248.0,0
BR 2602-065,2026-02-12,,300-K061,BM : SMK Sultan Alaudin Riayat Shah 1  (SARSI),PAYMENT FOR BM2_NOTA x33,396.0,0
BR 2602-066,2026-02-12,,300-A013,PAM : SMK Sultan Ibrahim,"PAYMENT FOR PA2_NOTA x36, PA2_MTP x36",1656.0,0
BR 2602-067,2026-02-12,,300-N024,SJH : SMK Pasir Gudang 2,PAYMENT FOR SJH2_MTP x6,96.0,0
BR 2602-068,2026-02-12,,300-A086,PSV : SMK Tun Syed Zahiruddin,PAYMENT FOR SV2_RUJ x16,448.0,0
BR 2602-069,2026-02-12,,300-Z023,PAM : SMK Gajah Berang,"PAYMENT FOR PA2_NOTA x22, GRAF x22",836.0,0
BR 2602-070,2026-02-12,,300-N130,IPG : IPGK Perempuan Melayu,PAYMENT FOR PEDAGOGI x12,264.0,0
BR 2602-071,2026-02-12,,300-N011,PAM : Maktab Sultan Abu Bakar,"PAYMENT FOR PA2_NOTA x20, PA2_MTP x20, GRAF x20",960.0,0
BR 2602-072,2026-02-12,,300-A013,PAM : SMK Sultan Ibrahim,"PAYMENT FOR PA2_NOTA x30, PA2_MTP x30",1380.0,0
BR 2602-073,2026-02-12,,300-A008,GKT : SMK Tun Mamat,"PAYMENT FOR GKT4 x34, GKT5 x5, +RM19",1300.0,0
BR 2602-074,2026-02-12,,300-K014,KOP : Koperasi SMK Teknik Melaka,"PAYMENT FOR LK4 x220, LK5 x180, SPM x180",17020.0,0
BR 2602-075,2026-02-12,,300-M061,PP : SMK Tun Dr Ismail (STUDI),PAYMENT FOR PP2_LEMB x21,462.0,0
BR 2602-076,2026-02-12,,300-P014,PAM : SMK Dato Sulaiman,"PAYMENT FOR PA2_NOTA x15, PA2_MTP x15, GRAF x15",750.0,0
BR 2602-077,2026-02-12,,300-Z042,GKT : SMK Puteri Wangsa,"PAYMENT FOR GKT4 x15, GKT5 x15, SPM x15",1335.0,0
CR 2602-014,2026-02-12,OR03443,300-N007,GKT : SMK Seri Lalang,"PAYMENT FOR GKT4 x6, GKT5 x14",624.0,0
CR 2602-012,2026-02-12,OR03439,300-G010,GKT : SMK Indahpura 1,"PAYMENT FOR GKT4 x15, GKT5 x20, SPM x20",1610.0,0
BR 2602-078,2026-02-12,OR03440,300-K023,KOP : Koperasi SMK Bandar Putra Kulaijaya Berhad,PAYMENT,1945.0,0
CR 2602-013,2026-02-12,OR03441,300-A025,SJH : SMK Bandar Tenggara,PAYMENT FOR SJH2_MTP x5,80.0,0
CR 2602-015,2026-02-12,OR03444,300-H095,PP : SMK Tun Hussein Onn,PAYMENT FOR PP2_MTP x10,100.0,0
CR 2602-016,2026-02-13,OR03354,300-F051,PP : SMK (P) Temenggong Ibrahim (TIGS),PAYMENT FOR PP2_MTP x14,140.0,0
BR 2602-079,2026-02-13,,300-S070,PP : SMK Tan Sri Jaafar Albar ,PAYMENT FOR PP2_MODUL x10,220.0,0
BR 2602-080,2026-02-13,,300-A132,PP : SMK Mutiara Rini,PAYMENT FOR PP2_NOTA x53,1166.0,0
BR 2602-081,2026-02-13,,300-S245,EK : SMK Bandar Mas,PAYMENT FOR EK2_LEMB x5,100.0,0
BR 2602-082,2026-02-13,,300-K050,KOP : Koperasi Kolej Vokasional Muar,PAYMENT,1350.0,0
BR 2602-083,2026-02-13,OR03355,300-N032,EK : SMK (P) Temenggong Ibrahim (TIGS),PAYMENT FOR PP2_LEMB x11,220.0,0
BR 2602-084,2026-02-13,,300-S088,BM : SMK Raja Muda,"PAYMENT FOR BM2_NOTA x15, BM2_MTP x15",360.0,0
BR 2602-085,2026-02-13,,300-F015,PAM : SMK Raja Muda,"PAYMENT FOR PA2_NOTA x15, GRAF x32",638.0,0
BR 2602-086,2026-02-13,,300-M038,SJH : SMK Raja Muda,PAYMENT FOR SJH2_MTP x4,64.0,0
BR 2602-087,2026-02-13,,300-S130,GKT : SMK Kota Masai,PAYMENT FOR GKT4 x16,544.0,0
BR 2602-091,2026-02-13,,300-K031,SJH : SMK Tinggi Segamat,PAYMENT FOR SJH2_MTP x25,400.0,0
BR 2602-092,2026-02-13,,300-A010,GKT : SMK Seri Kenangan,"PAYMENT FOR GKT4 x5, GKT5 x6, SPM x6",500.0,0
BR 2602-093,2026-02-13,,300-K073,KOP : Koperasi SMK Dato' Haji Talib Karim,PAYMENT,1600.0,0
BR 2602-094,2026-02-13,,300-A004,GKT : SMK Dato Jaafar,"PAYMENT FOR GKT4 x17, GKT5 x2",638.0,0
BR 2602-088,2026-02-15,,300-M070,PAM : SMK Seri Medan,"PAYMENT FOR PA2_NOTA X24, PA2_MTP X 24 & GRAF X 24",1200.0,0
BR 2602-089,2026-02-15,,300-J010,PAM : SMK Tun Syed Zahiruddin,PAYMENT FOR PA2_NOTA x55 & GRAF x55,2090.0,0
BR 2602-090,2026-02-15,,300-A012,PAM : SMK Tasek Utara,PAYMENT FOR PA2_NOTA x30,1020.0,0
BR 2602-095,2026-02-15,,300-F048,GKT : SMK Taman Universiti 2,"PAYMENT FOR GKT4 x7, GKT5 x4, SPM x4",458.0,0
BR 2602-096,2026-02-16,,300-M039,PAM : SMK Sultan Alauddin,"PAYMENT FOR PA2_NOTA x20, PA2_MTP x20 & GRAF x20",1000.0,0
BR 2602-097,2026-02-16,,300-F038,IPG : IPGK Tun Hussein Onn,PAYMENT FOR BUKU PROFESSIONALISME 20PCS,500.0,0
BR 2602-098,2026-02-16,,300-G007,GKT : SMK Pasir Gudang 3,"PAYMENT FOR GKT4 x20, GKT5 x8, SPM x8",1120.0,0
BR 2602-099,2026-02-16,,300-A101,GKT : SMK Taman Seri Saujana,"PAYMENT FOR GKT4 x11, GKT5 x11, SPM x11",979.0,0
BR 2602-100,2026-02-16,,300-A008,GKT : SMK Tun Mamat,"PAYMENT FOR GKT5 x1, -RM19",6.0,0
BR 2602-101,2026-02-16,,300-K002,KOP : Koperasi Maktab Sultan Abu Bakar,PAYMENT,1520.0,0
BR 2602-102,2026-02-17,,300-H093,EK : SMK Datuk Menteri,PAYMENT FOR EK2_LEMB x14,280.0,0
BR 2602-103,2026-02-17,,300-J013,BM : SMK Munshi Ibrahim,"PAYMENT FOR BM2_NOTA x14, BM2_MTP x14",336.0,0
BR 2602-104,2026-02-18,,300-N117,BM : SMK Pasir Gudang 2,"PAYMENT FOR BM2_NOTA x36, BM2_MTP x9",540.0,0
BR 2602-105,2026-02-19,,300-M025,PAM : SMK Dato Bentara Luar,"PAYMENT FOR PA2_NOTA x56, PA2_MTP x40",2384.0,0
BR 2602-106,2026-02-19,,300-S286,IPG : IPGK Perempuan Melayu,PAYMENT FOR BUKU ISU SEMASA x120,2430.0,0
BR 2602-107,2026-02-20,,300-K063,IPG : IPGK Tun Hussein Onn,PAYMENT FOR BUKU PENGANTAR BM KOMUNIKASI_x50,1100.0,0
BR 2602-108,2026-02-20,,300-A013,PAM : SMK Sultan Ibrahim,"PAYMENT FOR PA2_NOTA x13, PA2_MTP x13",598.0,0
BR 2602-109,2026-02-22,,300-G006,GKT : SMK Bandar Seri Alam,"PAYMENT FOR GKT5 x10, SPM x10",550.0,0
BR 2602-110,2026-02-22,,300-A017,PSV : SMK Sultan Abdul Jalil (SSAJ),"PAYMENT FOR SV2_RUJ x23, SV2_LEMB x23",1104.0,0
BR 2602-111,2026-02-23,,300-A013,PAM : SMK Sultan Ibrahim,"PAYMENT FOR PA2_NOTA x8, PA2_MTP x8",368.0,0
BR 2602-112,2026-02-23,,300-A060,KMK : SMK Bandar Tenggara,"PAYMENT FOR KMK2_RUJ x7, KMK2_MTP x7",413.0,0
BR 2602-113,2026-02-23,,300-N017,KMK : SMK Tunku Abdul Rahman Putra (STAR),"PAYMENT FOR KMK2_RUJ x20, KMK2_MTP x20",1180.0,0
BR 2602-114,2026-02-23,,300-A007,GKT : SMK Sultan Abdul Jalil (SSAJ),"PAYMENT FOR GKT4 x15, GKT5 x11, SPM x11",1115.0,0
BR 2602-115,2026-02-23,,300-K035,KOP : Koperasi Kolej Vokasional Melaka Tengah,PAYMENT,1656.0,0
BR 2602-116,2026-02-23,,300-H047,SJH : SMK Semerah,PAYMENT FOR SJH2_MTP x17,272.0,0
BR 2602-117,2026-02-23,OR02767,300-N066,SJH : SMK Skudai,PAYMENT FROM CG SURYANI FOR SJH2_MTP x38,608.0,0
BR 2602-118,2026-02-23,,300-N145,PSV : SMK Seri Tanjung,"PAYMENT FOR SV2_RUJ x20, SV2_LEMB x20",960.0,0
BR 2602-119,2026-02-24,OR03769,300-Z054,PAM : SMK Bandar Mas,"PAYMENT FROM CG ERMA FOR PA2_NOTA x33, PA2_MTP x33, GRAF x50",1718.0,0
BR 2602-120,2026-02-24,,300-N050,BM : SMK Labis,"PAYMENT FOR BM2_NOTA x12, BM2_MTP x12",288.0,0
BR 2602-121,2026-02-24,,300-H062,BM : SMK Sultan Abdul Jalil (SSAJ),PAYMENT FOR BM2_NOTA x14,168.0,0
BR 2602-122,2026-02-24,,300-K021,PAM : SMK Munshi Abdullah,PAYMENT FOR PA2_NOTA x35,1190.0,0
BR 2602-123,2026-02-24,OR03445,300-S189,SMK : SM Sains Muar,PAYMENT,9982.1,0
BR 2602-124,2026-02-24,OR03446,300-S052,SMK : SMK Sultan Alaudin Riayat Shah 1  (SARSI),PAYMENT,1315.0,0
BR 2602-125,2026-02-25,,300-N079,BIO : SMK Tun Habab,"PAYMENT FOR BIO2_RUJ x1, TOP x1, MTP x1",90.0,0
BR 2602-126,2026-02-25,,300-S290,PAM : SMK Pasir Gudang 2,"PAYMENT FOR PA2_NOTA x20, GRAF x20",760.0,0
BR 2602-127,2026-02-25,,300-Z021,SJH : SMK (P) Sultan Abu Bakar,PAYMENT FOR SJH2_MTP x18,288.0,0
BR 2602-128,2026-02-25,,300-S172,PAM : SMK Bandar Easter,"PAYMENT FOR PA2_NOTA x32, PA2_MTP x32",1472.0,0
BR 2602-129,2026-02-25,,300-K038,PSV : SMK Bandar Mas,"PAYMENT FOR SV2_RUJ x16, SV2_LEMB x16",768.0,0
BR 2602-130,2026-02-25,,300-F023,PSV : SMK Dato Sulaiman,"PAYMENT FOR SV2_RUJ x25, SV2_LEMB x25",1200.0,0
BR 2602-131,2026-02-25,,300-S227,GKT : SMK Pasir Putih,"PAYMENT FOR GKT4 x36, GKT5 x2, SPM x2, +RM6",1340.0,0
BR 2602-132,2026-02-25,,300-H070,USUL : SMKA Sultan Muhammad,PAYMENT FOR USUL2_LEMB x18,324.0,0
BR 2602-133,2026-02-25,,300-L004,PAM : SMK Dato Sri Amar Diraja,"PAYMENT FOR PA2_NOTA x45, PA2_MTP x45, GRAF x45",2250.0,0
BR 2602-134,2026-02-25,OR03442,300-K032,KOP : SMK Bandar T6,PAYMENT,2503.0,0
CR 2602-017,2026-02-25,OR03447,300-F044,BM : SMK Tun Ismail,PAYMENT FOR BM2_NOTA x19,228.0,0
CR 2602-018,2026-02-25,OR03448,300-P009,PSV : SMK Tun Ismail,"PAYMENT FOR SV2_RUJ x30, SV2_LEMB x30",1440.0,0
BR 2602-135,2026-02-25,OR03449,300-S015,SMK : SMK Sultan Abdul Jalil (SSAJ),PAYMENT,400.0,0
BR 2602-136,2026-02-26,,300-F010,PAM : SMK Tun Ismail,"PAYMENT FOR PA2_NOTA x28, PA2_MTP x28, GRAF x28",1400.0,0
BR 2602-137,2026-02-26,OR03452,300-N023,PSV : SMK Mutiara Rini,"PAYMENT FOR SV2_RUJ x25, SV2_LEMB x25",1200.0,0
BR 2602-138,2026-02-26,OR02770,300-E015,IPG : IPGK Perempuan Melayu,PAYMENT FROM EN MOHD KHAIRI FOR BUKU PENTAKSIRAN_x55,1375.0,0
BR 2602-140,2026-02-26,OR02771,300-M075,IPG : IPGK Perempuan Melayu,PAYMENT FROM EN MOHD KHAIRI FOR BUKU SOSIOLOGI_x39,975.0,0
BR 2602-139,2026-02-26,,300-K054,IPG : IPGK Perempuan Melayu,PAYMENT FOR BUKU PROFESIONALISME_x32,800.0,0
BR 2602-141,2026-02-26,,300-J027,PAM : SMK Tunku Abdul Rahman Putra (STAR),"PAYMENT FOR PA2_NOTA x34, PA2_MTP x34 GRAF x34",1700.0,0
BR 2602-142,2026-02-26,,300-J027,PAM : SMK Tunku Abdul Rahman Putra (STAR),PAYMENT,1700.0,0
CR 2602-019,2026-02-26,OR03450,300-N093,PAM : SMK Mutiara Rini,"PAYMENT FOR PA2_NOTA x74, PA2_MTP x74",3404.0,0
CR 2602-020,2026-02-26,OR03451,300-H083,BM : SMK Mutiara Rini,PAYMENT FOR BM2_MTP x50,600.0,0
BR 2602-143,2026-02-26,OR03453,300-S292,SMK : SMK Agama Johor Bahru,PAYMENT,510.0,0
BR 2602-144,2026-02-27,,300-N148,EK : SMK Munshi Abdullah,PAYMENT FOR AKAUN2_RUJ x23,575.0,0
BR 2602-145,2026-02-27,,300-W005,PAM : SMK Skudai,"PAYMENT FOR PA2_NOTA x80, PA2_MTP x80",3680.0,0
BR 2602-146,2026-02-27,,300-S227,GKT : SMK Pasir Putih,"PAYMENT FOR GKT4 x4, -RM6",130.0,0
BR 2602-147,2026-02-27,,300-N111,IPG : IPGK Perempuan Melayu,PAYMENT FOR BUKU PENGAJIAN KURIKULUM x29,667.0,0
BR 2602-148,2026-02-27,,300-T013,EK : SMK Tinggi Batu Pahat,PAYMENT FOR EK2_LEMB x48,960.0,0
BR 2602-149,2026-02-27,,300-H053,BM : SMK Tinggi Muar,"PAYMENT FOR BM2_NOTA x1, BM2_MTP x1",24.0,0
BR 2602-150,2026-02-28,,300-M054,PAM : SMK Johor Jaya 1,PAYMENT FOR PA2_NOTA x60,2040.0,0
BR 2602-151,2026-02-28,,300-M073,BM : SMK Tun Perak,"PAYMENT FOR BM2_NOTA x46, BM2_MTP x46",1104.0,0
BR 2603-001,2026-03-01,,300-E003,GKT : SMK Taman Sutera,"PAYMENT FOR GKT4 x10, GKT5 x6",520.0,0
BR 2603-002,2026-03-01,,300-A024,PSV : SMK (P) Temenggong Ibrahim (TIGS),"PAYMENT FOR SV2_RUJ x6, SV2_LEMB x6",288.0,0
BR 2603-003,2026-03-02,,300-N061,GKT : SMK Datuk Bendahara,"PAYMENT FOR GKT4 x10, GKT5 x12",700.0,0
BR 2603-004,2026-03-02,,300-E010,SJH : SMK Dato Mohd Yunos Sulaiman,PAYMENT FOR SJH2_MTP x33,528.0,0
BR 2603-005,2026-03-02,,300-M024,SJH : SMK Johor Jaya 1,PAYMENT FOR SJH2_MTP x88,1408.0,0
BR 2603-006,2026-03-02,,300-W005,PAM : SMK Skudai,"PAYMENT FOR PA2_NOTA x2, PA2_MTP x2",92.0,0
BR 2603-007,2026-03-02,,300-P017,PAM : SMK Dato Bentara Dalam,"PAYMENT FOR PA2_NOTA x3, GRAF x3",114.0,0
BR 2603-008,2026-03-02,,300-F049,BM : SMK (P) Sultan Abu Bakar,"PAYMENT FOR BM2_NOTA x4, BM2_MTP x5",108.0,0
BR 2603-009,2026-03-02,OR02772,300-L009,PAM : SMK Seri Tanjung,"PAYMENT FROM CG DAHLIA FOR PA2_NOTA x31, PA2_MTP x25, GRAF x74",1668.0,0
BR 2603-010,2026-03-02,,300-R079,SJH : SMK Tinggi Muar,PAYMENT FOR SJH2_MTP x13,208.0,0
BR 2603-011,2026-03-02,,300-N126,PAM : SMK Dato Onn,"PAYMENT FOR PA2_NOTA x14, GRAF x6",500.0,0
BR 2603-012,2026-03-02,,300-N126,PAM : SMK Dato Onn,"PAYMENT FOR PA2_NOTA x16, GRAF x24",640.0,0
BR 2603-013,2026-03-02,,300-S107,PP : SMK Dato Onn,PAYMENT FOR PP2_MODUL x10,220.0,0
BR 2603-014,2026-03-02,OR02773,300-Y013,IPG : IPGK Perempuan Melayu,PAYMENT FROM EN MOHD KHAIRI FOR PSIKOLOGI PEMBELAJARAN_x83,2075.0,0
BR 2603-015,2026-03-02,,300-N114,PAM : SMKA Sultan Muhammad,PAYMENT FOR PA2_NOTA x8,272.0,0
BR 2603-016,2026-03-02,,300-Z045,SJH : SMK Datuk Bendahara,PAYMENT FOR SJH2_MTP x10,160.0,0
BR 2603-017,2026-03-02,OR02774,300-A104,PAM : SMK Tun Tuah,PAYMENT FOR PA2_NOTA x1,34.0,0
BR 2603-018,2026-03-02,OR02774,300-C003,PAM : SMK Tun Tuah,PAYMENT FOR PA2_NOTA x52,1768.0,0
BR 2603-019,2026-03-03,,300-H074,BM : SMK Iskandar Shah,PAYMENT FOR BM2_MTP x21,252.0,0
BR 2603-020,2026-03-03,,300-U002,SJH : SMK Tengku Mahkota,PAYMENT FOR SJH2_MTP x10,160.0,0
BR 2603-021,2026-03-03,,300-M025,PAM : SMK Dato Bentara Luar,PAYMENT FOR PA2_NOTA x2,64.0,0
BR 2603-022,2026-03-03,,300-M025,PAM : SMK Dato Bentara Luar,PAYMENT FOR PA2_NOTA x2,4.0,0
BR 2603-023,2026-03-03,,300-N017,KMK : SMK Tunku Abdul Rahman Putra (STAR),"PAYMENT FOR KMK2_RUJ x12, KMK2_MTP x12",708.0,0
BR 2603-024,2026-03-03,,300-A065,PSV : SMK Dato Bentara Luar,"PAYMENT FOR SV2_RUJ x10, SV2_LEMB x10",480.0,0
CR 2603-001,2026-03-03,OR03455,300-J016,PSV : SMK Tinggi Muar,"PAYMENT FOR SV2_RUJ x10, SV2_LEMB x10",480.0,0
CR 2603-002,2026-03-03,OR03456,300-J033,PAM : SMK Tinggi Muar,"PAYMENT FOR PA2_NOTA x23, PA2_MTP x23, GRAF x23",1150.0,0
BR 2603-025,2026-03-03,OR03454,300-S056,SMK : SMK Tenang Stesen,PAYMENT,689.0,0
BR 2603-026,2026-03-04,,300-N022,EK : SMK Sri Kukup,PAYMENT FOR EK2_LEMB x7,140.0,0
CR 2603-003,2026-03-04,,300-Z008,PAM : SMK Tinggi Batu Pahat,"PAYMENT FOR PA2_NOTA x38, GRAF x12",1340.0,0
BR 2603-027,2026-03-04,,300-A016,PAM : SMK Sultan Abdul Jalil (SSAJ),"PAYMENT FOR PA2_NOTA x15, PA2_MTP x15",690.0,0
BR 2603-028,2026-03-04,,300-N100,PAM : SMK Sultan Abdul Jalil (SSAJ),PAYMENT FOR GRAF x20,80.0,0
BR 2603-029,2026-03-04,,300-H084,BM : SMK Dato Sulaiman,"PAYMENT FOR BM2_NOTA x35, BM2_MTP x35",840.0,0
BR 2603-030,2026-03-04,OR03457,300-S038,SMK : SMK St Joseph,PAYMENT,604.0,0
BR 2603-031,2026-03-05,,300-M070,PAM : SMK Seri Medan,"PAYMENT FOR PA2_NOTA x10, PA2_MTP x10 GRAF x10",500.0,0
BR 2603-032,2026-03-05,,300-K012,PSV : SMK Tinggi Segamat,"PAYMENT FOR SV2_RUJ x30, SV2_LEMB x30",1440.0,0
BR 2603-033,2026-03-05,,300-F014,KMK : SMK Ulu Tiram,"PAYMENT FOR KMK2_RUJ x15, KMK2_MTP x14",873.0,0
BR 2603-034,2026-03-05,,300-N131,IPG : IPGK Temenggong Ibrahim,PAYMENT FOR BUKU PENGANTAR PENGAJIAN PENDIDIKAN x22,550.0,0
BR 2603-035,2026-03-05,,300-D007,PAM : SMK Dato Jaafar,"PAYMENT FOR PA2_NOTA x60, PA2_MTP x60, GRAF x60",3000.0,0
BR 2603-036,2026-03-05,,300-D007,PAM : SMK Dato Jaafar,"PAYMENT FOR PA2_NOTA x30, PA2_MTP x30, GRAF x40",1540.0,0
BR 2603-037,2026-03-05,,300-B003,BM : SMK Bandar Easter,PAYMENT FOR BM2_NOTA x32,384.0,0
BR 2603-038,2026-03-05,,300-K058,KOP : Koperasi Kolej Vokasional ERT Azizah,PAYMENT,918.0,0
BR 2603-039,2026-03-05,,300-A123,IPG : IPGK Temenggong Ibrahim,"PAYMENT FOR BUKU PENGANTAR x9, SOSIOLOGI x2",275.0,0
BR 2603-040,2026-03-05,OR03458,300-S030,SMK : SMK Canossian Convent Kluang,PAYMENT,305.0,0
CR 2603-004,2026-03-05,OR03459,300-S300,EK : SMK Tun Hussein Onn,PAYMENT FOR EK2_LEMB x24,480.0,0
BR 2603-041,2026-03-05,OR03460,300-K044,KV : Kolej Vokasional Batu Pahat,PAYMENT,1682.0,0
BR 2603-042,2026-03-05,OR03461,300-S208,SMK : SMK Datin Onn Jaafar,PAYMENT,3456.5,0
BR 2603-043,2026-03-06,,300-H074,BM : SMK Iskandar Shah,PAYMENT FOR BM2_MTP x19,228.0,0
BR 2603-044,2026-03-06,,300-N005,GKT : SMK Bandar Putra,PAYMENT FOR GKT4 x12,408.0,0
BR 2603-045,2026-03-06,,300-A073,ARAB : Kolej Vokasional Datuk Seri Mohd Zin,PAYMENT FOR KV_ARAB2_x81,1458.0,0
BR 2603-046,2026-03-06,OR03462,300-S273,SMK : SMK Tun Aminah,PAYMENT,1503.0,0
BR 2603-047,2026-03-08,,300-M071,IPG : IPGK Tun Hussein Onn,PAYMENT FOR BUKU PENGANTAR PENGAJIAN PENDIDIKAN x13,325.0,0
BR 2603-048,2026-03-09,,300-N155,BM : SMK Seri Medan,PAYMENT FOR BM2_NOTA x34,408.0,0
BR 2603-049,2026-03-09,OR02775,300-K031,SJH : SMK Tinggi Segamat,PAYMENT FOR FROM CG EFFA SJH2_MTP x32,512.0,0
BR 2603-050,2026-03-09,,300-Z008,PAM : SMK Tinggi Batu Pahat,"PAYMENT FOR PA2_NOTA x2, PA2_MTP x16, GRAF x49",456.0,0
BR 2603-051,2026-03-09,,300-M071,IPG : IPGK Tun Hussein Onn,PAYMENT FOR BUKU PENGANTAR PENGAJIAN PENDIDIKAN x24,600.0,0
BR 2603-052,2026-03-09,,300-M071,IPG : IPGK Tun Hussein Onn,PAYMENT FOR BUKU PENGANTAR PENGAJIAN PENDIDIKAN x26,650.0,0
BR 2603-053,2026-03-09,OR03463,300-S260,SMK : SMK Bandar Uda Utama,PAYMENT,0.0,0
CR 2603-005,2026-03-09,OR03464,300-J023,BM : SMK Skudai,PAYMENT FOR BM2_MTP x80,960.0,0
CR 2603-006,2026-03-09,OR03465,300-Z052,GKT : SMK Taman Universiti,PAYMENT,1738.8,0
BR 2603-054,2026-03-10,,300-K030,PSV : Maktab Sultan Abu Bakar,"PAYMENT FOR SV2_RUJ x12, SV2_LEMB x12",576.0,0
BR 2603-055,2026-03-10,,300-R023,PAM : SMKA Maahad Muar,PAYMENT FOR PA2_MTP x30,360.0,0
BR 2603-056,2026-03-10,OR03469,300-A106,PP : SMK Munshi Sulaiman,PAYMENT FOR PP2_MTP x15,150.0,0
BR 2603-057,2026-03-10,,300-N015,PSV : SMK Tunku Abdul Rahman Putra (STAR),"PAYMENT FOR SV2_RUJ x40, SV2_LEMB x44",2000.0,0
BR 2603-058,2026-03-10,,300-N005,GKT : SMK Bandar Putra,PAYMENT FOR GKT4 x2,68.0,0
CR 2603-007,2026-03-10,OR03466,300-S257,BM : SMK (P) Temenggong Ibrahim (TIGS),"PAYMENT FOR BM2_NOTA x14, BM2_MTP x14",336.0,0
CR 2603-008,2026-03-10,OR03467,300-A038,SJH : SMK Munshi Sulaiman,PAYMENT FOR SJH2_MTP x27,432.0,0
CR 2603-009,2026-03-10,OR03468,300-K029,PAM : SMK Munshi Sulaiman,"PAYMENT FOR PA2_NOTA x43, PA2_MTP x43, GRAF x43",2150.0,0
BR 2603-059,2026-03-10,OR03470,300-S116,SMK : Maktab Rendah Sains Mara Batu Pahat,PAYMENT,0.0,0
BR 2603-060,2026-03-10,OR03471,300-S303,SMK : Maktab Rendah Sains Mara Muar,PAYMENT,6359.8,0
BR 2603-061,2026-03-11,,300-K073,KOP : Koperasi SMK Dato' Haji Talib Karim,PAYMENT,75.0,0
BR 2603-062,2026-03-11,OR02776,300-M074,IPG : IPGK Perempuan Melayu,PAYMENT FROM EN MOHD KHAIRI FOR BUKU PENGANTAR PENGAJIAN PENDIDIKAN x120,3000.0,0
BR 2603-063,2026-03-11,,300-S286,IPG : IPGK Perempuan Melayu,PAYMENT FOR BUKU ISU SEMASA x28,476.0,0
BR 2603-064,2026-03-11,OR03473,300-N094,SJH : SMK Sultan Alauddin,PAYMENT FOR SJH2_MTP x16,256.0,0
BR 2603-065,2026-03-11,,300-M039,PAM : SMK Sultan Alauddin,PAYMENT FOR GRAF x1,4.0,0
BR 2603-066,2026-03-11,,300-R084,PP : SMK Ulu Tiram,PAYMENT FOR PP2_MTP x14,140.0,0
BR 2603-067,2026-03-11,,300-L007,EK : Kolej Tingkatan 6 Tun Fatimah (KUNTUM),PAYMENT FOR EK2_LEMB x25,500.0,0
BR 2603-068,2026-03-11,OR03472,300-S125,SMK : SMK Dato' Haji Talib Karim,PAYMENT,240.0,0
BR 2603-069,2026-03-12,,300-I007,EK : SMK Labis,PAYMENT FOR EK2_LEMB x15,300.0,0
BR 2603-070,2026-03-12,,300-A120,GEO : SMK Tun Hussein Onn,PAYMENT FOR GEO2_LEMB x21,462.0,0
BR 2603-071,2026-03-12,OR03474,300-S027,SMK : SMK Pekan Nenas,PAYMENT,3167.0,0
BR 2603-072,2026-03-13,,300-E001,GKT : SMK Taman Desa Skudai,"PAYMENT FOR GKT4 x8, GKT5 x7, SPM x7",657.0,0
BR 2603-073,2026-03-13,OR02777,300-N016,SJH : SMK Tunku Abdul Rahman Putra (STAR),PAYMENT FROM CG FAZILAH FOR SJH2_MTP x33,528.0,0
BR 2603-074,2026-03-13,,300-R008,PSV : SMK Gelang Patah,"PAYMENT FOR SV2_RUJ x20, SV2_LEMB x20",960.0,0
BR 2603-075,2026-03-13,,300-Z004,PAM : SMK Aminuddin Baki,"PAYMENT FOR PA2_NOTA x22, PA2_MTP x22 GRAF x22",1100.0,0
BR 2603-076,2026-03-13,,300-N096,SJH : SMK Tanjung Datuk,PAYMENT FOR SJH2_MTP x15,240.0,0
BR 2603-077,2026-03-13,,300-P016,PSV : SMK Aminuddin Baki,PAYMENT FOR SV2_RUJ x15,420.0,0
BR 2603-078,2026-03-13,,300-S104,EK : SMK Sultan Abdul Jalil (SSAJ),PAYMENT FOR EK2_LEMB x42,840.0,0
BR 2603-079,2026-03-13,,300-A134,PP : SMK Tunku Abdul Rahman Putra (STAR),PAYMENT FOR PP2_MTP x30,300.0,0
BR 2603-080,2026-03-13,,300-H096,PSV : SMK Felda Tenggaroh,PAYMENT FOR SV2_RUJ x14,392.0,0
BR 2603-081,2026-03-13,,300-L006,PP : SMJK Pulau Sebang,PAYMENT FOR PP2_MTP x8,80.0,0
BR 2603-082,2026-03-13,,300-N048,PP : SMK Johor Jaya 1,PAYMENT FOR PP2_LEMB x93,2046.0,0
BR 2603-083,2026-03-14,,300-R043,SJH : SMK Bandar Mas,PAYMENT FOR SJH2_MTP x16,256.0,0
BR 2603-084,2026-03-14,OR02778,300-T007,BM : SMK Bukit Gambir,PAYMENT FORM CG FIZA FOR BM2_NOTA x41,492.0,0
BR 2603-085,2026-03-14,,300-S213,SJH : SMK Dato Bentara Dalam,PAYMENT FOR SJH2_MTP x12,192.0,0
BR 2603-086,2026-03-15,,300-N114,PAM : SMKA Sultan Muhammad,PAYMENT FOR GRAF x18,72.0,0
BR 2603-087,2026-03-15,,300-J005,SJH : SMK Pasir Gudang 2,PAYMENT FOR SJH2_MTP x15,240.0,0
BR 2603-088,2026-03-15,,300-H020,PAM : SMK Munshi Ibrahim,"PAYMENT FOR PA2_NOTA x3, PA2_MTP x3 GRAF x3",150.0,0
BR 2603-089,2026-03-16,,300-S168,GEO : SMK Tun Dr Ismail (STUDI),PAYMENT FOR GEO2_LEMB x17,374.0,0
BR 2603-090,2026-03-16,,300-F039,PAM : SMK Aminuddin Baki,"PAYMENT FOR PA2_NOTA x11, PA2_MTP x11, GRAF x11",550.0,0
BR 2603-091,2026-03-16,,300-N053,GEO : SMK Tun Perak,PAYMENT FOR GEO2_LEMB x38,836.0,0
BR 2603-092,2026-03-16,,300-M015,SJH : SMK Sultan Alauddin,PAYMENT FOR SJH2_MTP x30,480.0,0
BR 2603-093,2026-03-16,,300-J009,BM : SMK Laksamana,PAYMENT FOR BM2_MTP x30,360.0,0
BR 2603-094,2026-03-16,,300-A037,PSV : SMK Tun Haji Abdul Malek (STHAM),"PAYMENT FOR SV2_RUJ x8, SV2_LEMB x8",384.0,0
BR 2603-095,2026-03-16,,300-A013,PAM : SMK Sultan Ibrahim,"PAYMENT FOR PA2_NOTA x1, PA2_MTP x1",46.0,0
BR 2603-096,2026-03-16,,300-Z009,SJH : Maktab Sultan Abu Bakar,PAYMENT FOR SJH2_MTP x28,448.0,0
BR 2603-097,2026-03-16,OR03475,300-S179,SMK : SMK Ledang,PAYMENT,706.0,0
BR 2603-098,2026-03-17,,300-S193,BIO : SMK Tasek Utara,PAYMENT FOR BIO2_TOP x11,176.0,0
BR 2603-099,2026-03-17,,300-S159,BM : SMK Sultan Ismail,PAYMENT FOR BM2_MTP x17,204.0,0
BR 2603-100,2026-03-17,,300-P021,GEO : SMK Gelang Patah,PAYMENT FOR GEO2_LEMB x18,396.0,0
BR 2603-101,2026-03-17,,300-E009,GKT : SMK Bandar Putra 2,"PAYMENT FOR GKT4 x10, GKT5 x10",640.0,0
BR 2603-102,2026-03-17,,300-A119,SJH : SMK Tasek Utara,PAYMENT FOR SJH2_MTP x63,1008.0,0
BR 2603-103,2026-03-17,,300-M060,BIO : SMK Tinggi Kluang,PAYMENT FOR BIO2_RUJ x1,50.0,0
BR 2603-104,2026-03-17,,300-W002,PAM : SMK Labis,"PAYMENT FOR PA2_NOTA x25, PA2_MTP x25, GRAF x25",1250.0,0
BR 2603-105,2026-03-17,,300-M060,BIO : SMK Tinggi Kluang,"PAYMENT FOR BIO2_RUJ x1, TOP x1, MTP x1",90.0,0
BR 2603-106,2026-03-17,,300-N050,BM : SMK Labis,"PAYMENT FOR BM2_NOTA x10, BM2_MTP x10",240.0,0
BR 2603-107,2026-03-18,,300-R057,BM : SMK Sultan Abdul Jalil (SSAJ),PAYMENT FOR BM2_NOTA x22,264.0,0
BR 2603-108,2026-03-18,,300-K073,KOP : Koperasi SMK Dato' Haji Talib Karim,PAYMENT,375.0,0
BR 2603-109,2026-03-18,,300-S309,PP : Kolej Tingkatan 6 Tun Fatimah (KUNTUM),PAYMENT FOR PP2_MTP x10,100.0,0
BR 2603-110,2026-03-18,OR03476,300-S211,SMK : SMK Taman Kluang Barat,PAYMENT,2262.4,0
BR 2603-111,2026-03-18,OR03477,300-S211,SMK : SMK Taman Kluang Barat,PAYMENT,675.0,0
BR 2603-112,2026-03-18,OR03479,300-S015,SMK : SMK Sultan Abdul Jalil (SSAJ),PAYMENT,3571.5,0
BR 2603-113,2026-03-18,OR03480,300-S015,SMK : SMK Sultan Abdul Jalil (SSAJ),PAYMENT,2349.1,0
BR 2603-114,2026-03-18,OR03481,300-S114,SMK : SMK Taman Universiti,PAYMENT,3225.2,0
BR 2603-115,2026-03-18,OR03484,300-S266,SMK : SMK Taman Pelangi,PAYMENT,4210.6,0
BR 2603-116,2026-03-18,,300-S260,SMK : SMK Bandar Uda Utama,PAYMENT,6500.2,0
BR 2603-117,2026-03-19,,300-C010,BM : SMK Seri Tanjung,"PAYMENT FOR BM2_NOTA x80, BM2_MTP x80",1920.0,0
BR 2603-118,2026-03-19,,300-I019,GKT : SMK Mutiara Rini,"PAYMENT FOR GKT5 x20, SPM x16",1000.0,0
BR 2603-119,2026-03-19,,300-Y010,PAM : SMK Dato Mohd Yunos Sulaiman,"PAYMENT FOR PA2_NOTA x15, PA2_MTP x15, GRAF x15",750.0,0
BR 2603-120,2026-03-19,,300-K018,KOP : Koperasi Kolej Tingkatan 6 Tun Fatimah (KUNTUM),"PAYMENT FOR PA2_NOTA x160, PA2_MTP x117, GRAF x160, KMK2_RUJ x10, KMK2_MTP x12",8098.0,0
BR 2603-121,2026-03-20,,300-H021,PAM : SMK Dato Bentara Dalam,"PAYMENT FOR PA2_NOTA x23, GRAF x23",874.0,0
BR 2603-122,2026-03-30,,300-M050,IPG : IPGK Temenggong Ibrahim,PAYMENT FOR BUKU PROFESIONALISME KEGURUAN x90,2250.0,0
BR 2603-123,2026-03-30,,300-H023,PP : SMK Tun Syed Zahiruddin,PAYMENT FOR PP2_MTP x14,140.0,0
BR 2603-124,2026-03-30,,300-F002,GKT : SMK Seri Kota Puteri,PAYMENT FOR GKT4 x8,300.0,0
BR 2603-125,2026-03-30,,300-F002,GKT : SMK Seri Kota Puteri,PAYMENT FOR GKT4 x1,6.0,0
BR 2603-126,2026-03-30,,300-N047,GEO : SMK Seri Tanjung,PAYMENT FOR GEO2_LEMB x4,88.0,0
BR 2603-127,2026-03-30,,300-S285,GKT : SMK Padang Temu,"PAYMENT FOR GKT4 x10, GKT5 x5, SPM x5",615.0,0
BR 2603-128,2026-03-30,,300-N043,PAM : SMK Sultan Alaudin Riayat Shah 1  (SARSI),"PAYMENT FOR PA2_NOTA x30, PA2_MTP x30, GRAF x30",1500.0,0
BR 2603-129,2026-03-30,,300-A028,KMK : SMK Tun Syed Zahiruddin,PAYMENT FOR KMK2_MTP x9,108.0,0
BR 2603-130,2026-03-30,,300-H035,GEO : SMK Semerah,PAYMENT FOR GEO2_LEMB x12,264.0,0
BR 2603-131,2026-03-30,,300-J024,SJH : SMK Tun Tuah,PAYMENT FOR SJH2_MTP x13,208.0,0
BR 2603-132,2026-03-30,OR03485,300-S032,SMK : SMK Munshi Sulaiman,PAYMENT,2070.9,0
BR 2603-133,2026-03-30,,300-S122,SJH : SMK Tun Dr Ismail (STUDI),PAYMENT FOR SJH2_MTP x13,208.0,0
BR 2603-134,2026-03-31,,300-T014,PSV : SMK Bandar Tenggara,"PAYMENT FOR SV2_RUJ x6, SV12_LEMB x12",576.0,0
BR 2603-135,2026-03-31,,300-A130,SJH : SMK Tinggi Batu Pahat,PAYMENT FOR SJH2_MTP x10,160.0,0
BR 2603-136,2026-03-31,,300-P011,GEO : SMK Tunku Abdul Rahman Putra (STAR),PAYMENT FOR GEO2_LEMB x56,1232.0,0
BR 2603-137,2026-03-31,,300-K010,KOP : Koperasi SMK Dato Haji Hassan Yunus,PAYMENT,4296.0,0
BR 2603-138,2026-03-31,,300-K043,SUKAN : SMK Tun Haji Abdul Malek (STHAM),PAYMENT FOR SS2_MTP x20,180.0,0
BR 2603-139,2026-03-31,,300-D007,PAM : SMK Dato Jaafar,PAYMENT FOR GRAF x100,400.0,0
BR 2603-140,2026-03-31,,300-M027,BM : SMJK Pulau Sebang,PAYMENT FOR BM2_MTP x20,240.0,0
BR 2603-141,2026-03-31,,300-M054,PAM : SMK Johor Jaya 1,PAYMENT FOR PA2_NOTA x37,1258.0,0
BR 2604-001,2026-04-01,,300-R010,PAM : SMK Benut,PAYMENT FOR PA2_NOTA x19,646.0,0
BR 2604-002,2026-04-01,,300-G007,GKT : SMK Pasir Gudang 3,"PAYMENT FOR GKT4 x20, GKT5 x7, SPM x7",1065.0,0
CR 2604-001,2026-04-01,,300-A115,KMK : SMK Tun Haji Abdul Malek (STHAM),"PAYMENT FOR KMK2_RUJ x13, KMK2_MTP x12",755.0,0
CR 2604-002,2026-04-01,OR03502,300-M016,BM : SMK Tun Tuah,"PAYMENT FOR BM2_NOTA x15, BM2_MTP x15",360.0,0
CR 2604-003,2026-04-01,OR03503,300-M072,GKT : SMK Bukit Katil,"PAYMENT FOR GKT5 x8, SPM x10",490.0,0
BR 2604-003,2026-04-01,,300-H016,PAM : SMK Tun Perak,"PAYMENT FOR PA2_NOTA x20, PA2_MTP x20, GRAF x20",1000.0,0
BR 2604-004,2026-04-01,,300-B008,BM : SMK Dato Bentara Dalam,"PAYMENT FOR BM2_NOTA x34, BM2_MTP x34",816.0,0
BR 2604-005,2026-04-02,OR03506,300-R058,PAM : SMK Tunku Abdul Rahman Putra (STAR),"PAYMENT FOR PA2_NOTA x17, PA2_MTP x17, GRAF x17",850.0,0
BR 2604-006,2026-04-02,OR03505,300-R058,PAM : SMK Tunku Abdul Rahman Putra (STAR),PAYMENT FOR GRAF x3,12.0,0
BR 2604-007,2026-04-02,,300-M054,PAM : SMK Johor Jaya 1,PAYMENT FOR PA2_NOTA x1,34.0,0
BR 2604-008,2026-04-02,,300-A123,IPG : IPGK Temenggong Ibrahim,PAYMENT FOR BUKU SOSIOLOGI DALAM PEMDIDIKAN x18,450.0,0
BR 2604-009,2026-04-02,,300-S077,AKAUN : SMK Dato Jaafar,PAYMENT FOR AKAUN2_RUJ x35,875.0,0
BR 2604-010,2026-04-02,,300-H016,PAM : SMK Tun Perak,PAYMENT FOR GRAF x1,4.0,0
BR 2604-011,2026-04-02,,300-S287,BM : SMK Dato Bentara Luar,PAYMENT FOR BM2_MTP x15,180.0,0
CR 2604-004,2026-04-02,OR03504,300-C002,GKT : SMK Taman Putri,"PAYMENT FOR GKT4 x26, GKT5 x14",1304.0,0
CR 2604-005,2026-04-02,OR03507,300-S288,PAM : SMK Tunku Abdul Rahman Putra (STAR),PAYMENT FOR GRAF x30,120.0,0
CR 2604-006,2026-04-02,or03508,300-A070,PAM : SMK Tunku Abdul Rahman Putra (STAR),"PAYMENT FOR PA2_MTP x30, GRAF x30",480.0,0
CR 2604-007,2026-04-02,OR03509,300-A013,PAM : SMK Sultan Ibrahim,PAYMENT FOR GRAF x40,160.0,0
CR 2604-008,2026-04-02,OR03510,300-Z033,PSV : SMK Bandar Kota Tinggi,"PAYMENT FOR SV2_RUJ x5, SV2_LEMB x5",240.0,0
CR 2604-009,2026-04-02,OR03486,300-R004,PAM : SMK Ulu Tiram,"PAYMENT FROM CG HAZLI FOR PA2_NOTA x63, PA2_MTP x57, GRAF x74",3122.0,0
BR 2604-012,2026-04-03,,300-F009,PAM : SMK Tinggi Segamat,PAYMENT FOR PA2_NOTA x104,3536.0,0
BR 2604-013,2026-04-03,,300-P016,PSV : SMK Aminuddin Baki,PAYMENT FOR SV2_RUJ x7,196.0,0
BR 2604-014,2026-04-03,,300-Y015,Yoon Shen (Segamat) Sdn Bhd.,PAYMENT,682.0,0
CR 2604-010,2026-04-03,OR03511,300-Z055,SUKAN : SMK Tinggi Batu Pahat,PAYMENT FOR SS2_MTP x22,198.0,0
CR 2604-011,2026-04-03,OR03512,300-A042,BM : SMK Dato Bentara Luar,"PAYMENT FOR BM2_NOTA x10, BM2_MTP x10",240.0,0
BR 2604-015,2026-04-03,,300-W006,BIO : Maktab Sultan Abu Bakar,PAYMENT FOR BIO2_TOP x7,112.0,0
BR 2604-016,2026-04-05,,300-N072,GEO : SMK Tun Syed Zahiruddin,PAYMENT FOR GEO2_LEMB x13,286.0,0
BR 2604-017,2026-04-05,,300-H006,PAM : SMK Aminuddin Baki,"PAYMENT FOR PA2_NOTA x17, PA2_MTP x17, GRAF x17",850.0,0
BR 2604-018,2026-04-05,,300-E009,GKT : SMK Bandar Putra 2,"PAYMENT FOR GKT4 x5, GKT5 x7",380.0,0
BR 2604-019,2026-04-05,,300-S258,SJH : SMK Tun Hussein Onn,PAYMENT FOR SJH2_MTP x27,432.0,0
BR 2604-020,2026-04-05,,300-P013,PAM : SMK Senggarang,"PAYMENT FOR PA2_NOTA x25, PA2_MTP x25, GRAF x25",1250.0,0
BR 2604-021,2026-04-06,"OR03513, 03514 & 03515",300-A094,"GKT : SMK Bandar Putra, Segamat","PAYMENT FOR GKT4 x21, GKT5 x10, SPM x10",1264.0,0
BR 2604-022,2026-04-06,,300-S237,PAM : SMK Lubok China,"PAYMENT FOR PA2_NOTA x13, PA2_MTP x13",598.0,0
BR 2604-023,2026-04-06,,300-S251,PP : SMK Aminuddin Baki,PAYMENT FOR PP2_MTP x17,170.0,0
BR 2604-024,2026-04-06,,300-K005,PP : SMK Aminuddin Baki,PAYMENT FOR PP2_MTP x11,110.0,0
BR 2604-025,2026-04-06,,300-N115,IPG : IPGK Tun Hussein Onn,PAYMENT FOR PEDAGOGI x19,440.0,0
BR 2604-026,2026-04-06,,300-F012,PAM : SMK Tinggi Kluang,"PAYMENT FOR PA2_NOTA x70, PA2_MTP x70, GRAF x70",3500.0,0
BR 2604-027,2026-04-06,,300-A093,GKT : SMK Sungai Rambai,"PAYMENT FOR GKT4 x9, GKT5 x8, SPM x8",746.0,0
BR 2604-028,2026-04-06,,300-N056,GKT : SMK Sultan Alauddin,PAYMENT FOR GKT4 x5,198.0,0
BR 2604-029,2026-04-06,OR03518,300-Y012,PAM : SMK Munshi Ibrahim,"PAYMENT FOR PA2_NOTA x14, PA2_MTP x14, GRAF x14",750.0,0
BR 2604-030,2026-04-06,,300-N056,GKT : SMK Sultan Alauddin,PAYMENT FOR GKT4 x1,6.0,0
BR 2604-031,2026-04-06,,300-O002,SJH : Kolej Tingkatan 6 Tun Fatimah (KUNTUM),PAYMENT FOR SJH2_MTP x20,320.0,0
BR 2604-032,2026-04-06,,300-S232,SJH : SMKA Sharifah Rodziah,PAYMENT FOR SJH2_MTP x23,368.0,0
CR 2604-012,2026-04-06,OR03516,300-S092,BM : SMK Tinggi Segamat,"PAYMENT FOR BM2_NOTA x64, BM2_MTP x63",1524.0,0
CR 2604-013,2026-04-06,OR03517,300-N034,SJH : SMK Munshi Ibrahim,PAYMENT FOR SJH2_MTP x13,208.0,0
CR 2604-014,2026-04-06,OR03519,300-N051,BM : SMK Chaah,"PAYMENT FOR BM2_NOTA x16, BM2_MTP x16",384.0,0
CR 2604-015,2026-04-06,OR03520,300-A041,SJH : SMK Chaah,PAYMENT FOR SJH2_MTP x11,89.0,0
BR 2604-033,2026-04-06,OR03487,300-S306,SMK : SMK Iskandar Shah,PAYMENT,434.5,0
BR 2604-034,2026-04-06,OR03488,300-S297,SMK : SMK Datuk Bendahara,PAYMENT,270.0,0
BR 2604-035,2026-04-06,OR03489,300-S226,SMK : SMK Seri Bemban,PAYMENT,480.0,0
CR 2604-016,2026-04-06,OR03494,300-S255,PP : SMK Sultan Alauddin,PAYMENT FOR PP2_MTP x12,120.0,0
CR 2604-017,2026-04-06,OR03491,300-R025,EK : SMK Sultan Alauddin,PAYMENT FOR EK2_NOTA x10,200.0,0
BR 2604-036,2026-04-07,OR03525,300-M059,PP : SMK Tinggi Kluang,PAYMENT FOR PP2_MTP x25,250.0,0
BR 2604-037,2026-04-07,,300-R048,GEO : SMK Dato Sulaiman,PAYMENT FOR GEO2_LEMB x21,462.0,0
BR 2604-038,2026-04-07,,300-F024,GEO : SMK Bandar Tenggara,PAYMENT FOR GEO2_LEMB x36,792.0,0
CR 2604-018,2026-04-07,OR03521,300-R037,BM : SMK Dato Haji Hassan Yunus,PAYMENT FOR BM2_NOTA x20,240.0,0
CR 2604-019,2026-04-07,OR03522,300-N082,BM : SMK Sultan Abdul Jalil (SSAJ),PAYMENT FOR BM2_NOTA x13,156.0,0
CR 2604-020,2026-04-07,OR03523,300-B002,SJH : SMK Sultan Abdul Jalil (SSAJ),PAYMENT FOR SJH2_MTP x33,528.0,0
CR 2604-021,2026-04-07,OR03524,300-N101,BM : SMK Sultan Abdul Jalil (SSAJ),PAYMENT FOR BM2_NOTA x15,180.0,0
CR 2604-022,2026-04-07,OR03526,300-L010,PAM : SMK Tun Hussein Onn,"PAYMENT FOR PA2_NOTA x86, GRAF x100",3324.0,0
CR 2604-023,2026-04-07,OR03527,300-S299,GEO : SMK Tun Hussein Onn,PAYMENT FOR GEO2_NOTA x18,396.0,0
BR 2604-039,2026-04-07,OR03528,300-S211,SMK : SMK Taman Kluang Barat,PAYMENT,315.0,0
BR 2604-044,2026-04-07,,300-S116,SMK : Maktab Rendah Sains Mara Batu Pahat,PAYMENT,1900.0,0
BR 2604-040,2026-04-08,,300-N116,PAM : SMK Dato Mohd Yunos Sulaiman,"PAYMENT FOR PA2_NOTA x20, GRAF x36",824.0,0
BR 2604-041,2026-04-08,,300-H080,PP : SMK Dato Mohd Yunos Sulaiman,"PAYMENT FOR PP2_MODUL x1, PP2_MTP x1",32.0,0
BR 2604-042,2026-04-08,OR03533,300-D004,SJH : Maktab Sultan Abu Bakar,PAYMENT FOR SJH2_MTP x12,192.0,0
BR 2604-043,2026-04-08,OR03534,300-A014,PP : SMK Skudai,PAYMENT FOR PP2_MTP x60,600.0,0
BR 2604-045,2026-04-08,OR03529,300-K001,KOP : Koperasi SM Teknik JB,"PAYMENT FOR LK4 x186, LK5 x183, SPM x176",15855.0,0
CR 2604-024,2026-04-08,OR03530,300-S190,SJH : SMK Sultan Ismail,PAYMENT FOR SJH2_MTP x17,272.0,0
CR 2604-025,2026-04-08,OR03531,300-S218,EK : SMK Sultan Ismail,PAYMENT FOR EK2_NOTA x17,340.0,0
CR 2604-026,2026-04-08,OR03532,300-A062,PP : Maktab Sultan Abu Bakar,PAYMENT FOR PP2_MODUL x42,924.0,0
CR 2604-027,2026-04-08,OR03535,300-H034,EK : SMK Mutiara Rini,PAYMENT FOR EK2_NOTA x24,480.0,0
BR 2604-046,2026-04-08,OR03536,300-S188,SMK : SMK Taman Universiti 2,PAYMENT,948.0,0
BR 2604-047,2026-04-08,OR03537,300-S114,SMK : SMK Taman Universiti,PAYMENT,973.75,0
BR 2604-048,2026-04-08,,300-J029,IPG : IPGK Tun Hussein Onn,PAYMENT FOR PENGAJIAN AKHLAK ISLAMIAH x10,400.0,0
BR 2604-059,2026-04-08,OR03492,300-S156,SMK : SMK Taman Kota Jaya,PAYMENT,1920.0,0
BR 2604-049,2026-04-09,,300-A014,PP : SMK Skudai,PAYMENT FOR PP2_MTP x22,220.0,0
BR 2604-050,2026-04-09,,300-R045,PP : SMK Tun Perak,PAYMENT FOR PP2_MTP x39,390.0,0
BR 2604-051,2026-04-09,,300-M030,GEO : SMK Sri Kukup,PAYMENT FOR GEO2_LEMB x10,220.0,0
BR 2604-052,2026-04-09,,300-F010,PAM : SMK Tun Ismail,"PAYMENT FOR PA2_NOTA x35, PA2_MTP x35, GRAF x35",1750.0,0
BR 2604-053,2026-04-09,,300-H054,EK : SMK Tengku Mahkota,PAYMENT FOR EK2_NOTA x7,140.0,0
BR 2604-054,2026-04-09,,300-N021,PAM : SMK Sri Kukup,PAYMENT FOR PA2_MTP x21,252.0,0
BR 2604-055,2026-04-09,,300-S262,SJH : SMK Pasir Gudang 2,PAYMENT FOR SJH2_MTP x33,528.0,0
BR 2604-056,2026-04-09,,300-K066,KOP : Koperasi SMK Bandar Baru Uda,PAYMENT FOR FOLIO,1311.0,0
BR 2604-057,2026-04-09,,300-F004,GKT : SMK Sagil,"PAYMENT FOR GKT4 x25, GKT5 x23",1540.0,0
CR 2604-028,2026-04-09,OR03538,300-R011,PSV : SMK Dato Mohd Yunos Sulaiman,"PAYMENT FOR SV2_RUJ x34, SV2_LEMB x34",1632.0,0
CR 2604-029,2026-04-09,OR03539,300-T001,PSV : SMK Sri Kukup,"PAYMENT FOR SV2_RUJ x14, SV2_LEMB x14",672.0,0
CR 2604-030,2026-04-09,OR03540,300-H012,PAM : Kolej Tingkatan Enam Pontian,"PAYMENT FOR PA2_NOTA x110, PA2_MTP x110",5060.0,0
CR 2604-031,2026-04-09,OR03541,300-S081,PSV : Kolej Tingkatan Enam Pontian,PAYMENT FOR SV2_LEMB x27,540.0,0
BR 2604-058,2026-04-09,OR03542,300-S167,SMK : SMK Sri Perhentian,PAYMENT,3487.5,0
CR 2604-032,2026-04-09,OR03543,300-Y004,BM : SMK Benut,PAYMENT FOR BM2_NOTA x63,756.0,0
CR 2604-033,2026-04-09,OR03493,300-R012,KMK : SMK Sultan Ibrahim,"PAYMENT FOR KMK2_RUJ x19, KMK2_MTP x19",1121.0,0
BR 2604-060,2026-04-10,OR03545,300-R016,BM : SMK Dato Sri Amar Diraja,"PAYMENT FOR BM2_NOTA x27, BM2_MTP x27",648.0,0
CR 2604-034,2026-04-10,OR03544,300-L004,PAM : SMK Dato Sri Amar Diraja,PAYMENT FOR GRAF x50,200.0,0
CR 2604-035,2026-04-10,OR03546,300-N026,PAM : SMK (P) Sultan Abu Bakar,"PAYMENT FOR PA2_NOTA x28, PA2_MTP x28, GRAF x80",1608.0,0
CR 2604-036,2026-04-10,OR03547,300-A046,PP : SMK Tinggi Muar,PAYMENT FOR PP2_MTP x16,160.0,0
CR 2604-037,2026-04-10,OR03548,300-M073,BM : SMK Tun Perak,PAYMENT FOR BM2_NOTA x1,12.0,0
CR 2604-038,2026-04-10,OR03549,300-Z029,EK : SMK Tun Perak,PAYMENT FOR EK2_NOTA x14,280.0,0
BR 2604-061,2026-04-10,OR02779,300-J007,PAM : SMK Tun Dr Ismail (STUDI),"PAYMENT FOR FROM CG LASIAH FOR PA2_NOTA x35, GRAF x35",1330.0,0
BR 2604-062,2026-04-10,OR02780,300-M079,KMK : SMK Seri Medan,"PAYMENT FROM CG WANA FOR KMK2_RUJ x34, KMK2_MTP x34",2006.0,0
BR 2604-063,2026-04-10,,300-A020,PSV: SMK Tinggi Kluang,"PAYMENT FOR SV2_RUJ x18, SV2_LEMB x18",864.0,0
CR 2604-049,2026-04-10,OR03548,300-N124,BM : SMK Tun Perak,PAYMENT FOR BM2_NOTA x2,24.0,0
BR 2604-064,2026-04-11,,300-M071,IPG : IPGK Tun Hussein Onn,PAYMENT FOR BUKU PENGANTAR x18,450.0,0
BR 2604-065,2026-04-13,OR03494,300-A058,SJH : SMK Tengku Temenggong Ahmad (STTA),PAYMENT FOR SJH2_MTP x6,96.0,0
BR 2604-066,2026-04-13,OR03495,300-T006,PSV : SMK Tengku Temenggong Ahmad (STTA),"PAYMENT FOR SV2_RUJ x6 , SV2_LEMB x6",288.0,0
CR 2604-039,2026-04-13,OR03550,300-A035,EK : SMJK Pulau Sebang,PAYMENT FOR EK2_LEMB x12,240.0,0
CR 2604-040,2026-04-13,OR03551,300-F019,PSV : SMJK Pulau Sebang,"PAYMENT FOR SV2_RUJ x6 , SV2_LEMB x6",288.0,0
CR 2604-041,2026-04-13,OR03552,300-N138,PAM : SMJK Pulau Sebang,"PAYMENT FOR PA2_NOTA x15 , PA2_MTP x15 , GRAF x15",750.0,0
CR 2604-042,2026-04-13,OR03553,300-B009,PAM : SMK Dato' Haji Talib Karim,"PAYMENT FOR PA2_NOTA x60 , GRAF x135",2580.0,0
BR 2604-067,2026-04-13,OR03554,300-B009,PAM : SMK Dato' Haji Talib Karim,PAYMENT FOR PA2_NOTA x13,442.0,0
CR 2604-043,2026-04-13,OR03555,300-R026,PP : SMK Dato' Haji Talib Karim,PAYMENT FOR PP2_MODUL x29,638.0,0
CR 2604-044,2026-04-13,OR03556,300-H029,PAM : SMK Munshi Abdullah,PAYMENT FOR PAM2_NOTA x18,612.0,0
CR 2604-045,2026-04-13,OR03557,300-F035,PSV : SMK Munshi Abdullah,"PAYMENT FOR SV2_RUJ x39 , SV2_LEMB x39",1872.0,0
CR 2604-046,2026-04-13,OR03558,300-S153,PAM : SMK Munshi Abdullah,PAYMENT FOR PA2_NOTA x25,850.0,0
CR 2604-047,2026-04-13,OR03559,300-Z023,PAM : SMK Gajah Berang,PAYMENT FOR GRAF x20,80.0,0
CR 2604-048,2026-04-13,OR03560,300-N038,PSV : SMK Tun Syed Zahiruddin,PAYMENT FOR SV2_LEMB x15,300.0,0
BR 2604-068,2026-04-13,OR02781,300-L009,PAM : SMK Seri Tanjung,"PAYMENT FROM CG TIAN FOR PA2_NOTA x1 , PA2_MTP x1 , GRAF x8",78.0,0
BR 2604-069,2026-04-13,,300-D008,IPG : IPGK Temenggong Ibrahim,PAYMENT FOR BUKU PENGANTAR x20,500.0,0
BR 2604-070,2026-04-13,,300-A109,BM : SMK Tengku Mahmud Iskandar (STMI),"PAYMENT FOR BM2_NOTA x12 , BM2_MTP x12",288.0,0
BR 2604-071,2026-04-13,,300-R044,PAM : SMK Dato Penggawa Timur,"PAYMENT FOR PA2_NOTA x8 , PA2_MTP x7",356.0,0
BR 2604-072,2026-04-13,,300-M009,AKAUN : SMK Pasir Gudang 2,PAYMENT FOR AKAUN2_RUJ x10,250.0,0
BR 2604-073,2026-04-13,,300-N152,PAM : SMK Ledang,PAYMENT FOR GRAF x100,400.0,0
BR 2604-074,2026-04-14,,300-S096,PAM : SMK Bukit Gambir,"PAYMENT FOR PA2_NOTA x7 , PA2_MTP x7",322.0,0
BR 2604-075,2026-04-14,,300-F038,IPG : IPGK Tun Hussein Onn,PAYMENT FOR BUKU PROFESIONALISME x11,275.0,0
BR 2604-076,2026-04-14,,300-S152,PSV : SMK Lubok China,"PAYMENT FOR SV2_RUJ x17 , SV2_LEMB x17",816.0,0
BR 2604-077,2026-04-14,,300-F021,BM : SMK Pasir Gudang 2,PAYMENT FOR BM2_NOTA x28,336.0,0
BR 2604-078,2026-04-14,OR02782,300-C001,RETAIL,PAYMENT FOR FILAMENT x4,100.0,0
BR 2604-079,2026-04-14,,300-N014,GKT : SMK (P) Temenggong Ibrahim (TIGS),"PAYMENT FOR GKT4 x5, GKT5 x11, SPM x12",800.0,0
BR 2604-080,2026-04-15,,300-A105,PAM : SMK Datin Onn Jaafar,PAYMENT FOR GRAF x10 ,40.0,0
BR 2604-081,2026-04-15,,300-N040,EK : SMK Skudai,PAYMENT FOR EK2_LEMB x42,840.0,0
BR 2604-082,2026-04-15,,300-A008,GKT : SMK Tun Mamat,PAYMENT FOR GKT4 x1,34.0,0
BR 2604-083,2026-04-15,,300-A079,EK : SMK Tan Sri Jaafar Albar ,PAYMENT FOR EK2_LEMB x11,220.0,0
BR 2604-084,2026-04-15,,300-A059,SJH : SMK Tengku Mahmud Iskandar (STMI),PAYMENT FOR SJH2_MTP x3,48.0,0
BR 2604-085,2026-04-15,OR03496,300-S044,SMK : SMK Tun Ismail,PAYMENT,632.0,0
BR 2604-086,2026-04-15,OR03497,300-K044,KV : Kolej Vokasional Batu Pahat,PAYMENT,10724.0,0
CR 2604-050,2026-04-15,OR03561,300-E011,SJH : SMK Bukit Gambir,PAYMENT FOR SJH2_MTP x22,352.0,0
BR 2604-087,2026-04-15,OR03562,300-S013,SMK : SMK Bukit Gambir,PAYMENT,965.4,0
BR 2604-088,2026-04-15,OR03563,300-S118,SMK : SMK Tun Mamat,PAYMENT,1500.0,0
BR 2604-089,2026-04-15,OR03564,300-S118,SMK : SMK Tun Mamat,PAYMENT,930.0,0
BR 2604-090,2026-04-15,OR03565,300-N068,SJH : SMK Ledang,PAYMENT FOR SJH2_MTP x22,352.0,0
CR 2604-051,2026-04-15,OR03566,300-S174,EK : SMK Ledang,PAYMENT FOR EK2_LEMB x5,100.0,0
CR 2604-052,2026-04-15,OR03567,300-K040,BM : SMK Ledang,"PAYMENT FOR BM2_NOTA x23, BM2_MTP x23",552.0,0
CR 2604-053,2026-04-15,OR03568,300-J019,PSV : SMK Tengku Mahmud Iskandar (STMI),"PAYMENT FOR SV2_RUJ x7, SV2_LEMB x7",336.0,0
BR 2604-091,2026-04-16,,300-J018,BM : SMK Pasir Gudang 2,"PAYMENT FOR BM2_NOTA x12 , BM2_MTP x12",278.0,0
BR 2604-092,2026-04-16,,300-J004,PAM : SMK Adela,"PAYMENT FOR PA2_NOTA x12, PA2_MTP x12, GRAF x12",600.0,0
BR 2604-093,2026-04-16,,300-R044,PAM : SMK Dato Penggawa Timur,PAYMENT FOR PA2_NOTA x5,170.0,0
BR 2604-094,2026-04-16,,300-R044,PAM : SMK Dato Penggawa Timur,PAYMENT FOR PA2_NOTA x21,714.0,0
BR 2604-095,2026-04-16,,300-M052,KMK : SMK Bandar Mas,"PAYMENT FOR KMK2_RUJ x12, KMK2_MTP x12",708.0,0
BR 2604-096,2026-04-16,,300-F023,PSV : SMK Dato Sulaiman,"PAYMENT FOR SV2_RUJ x10, SV2_LEMB x10",480.0,0
BR 2604-097,2026-04-16,,300-N058,BM : SMK Tun Sardon,"PAYMENT FOR BM2_NOTA x9, BM2_MTP x9",216.0,0
BR 2604-098,2026-04-16,,300-S096,PAM : SMK Bukit Gambir,"PAYMENT FOR PA2_NOTA x5, PA2_MTP x5",230.0,0
BR 2604-112,2026-04-16,,300-S115,GKT : SMK Permas Jaya 2,"PAYMENT FOR GKT4 x10, GKT5 x14",1110.0,0
BR 2604-099,2026-04-17,,300-R017,KMK : SMK (P) Sultan Abu Bakar,"PAYMENT FOR KMK2_RUJ x6, KMK2_MTP x6",349.0,0
BR 2604-100,2026-04-17,,300-I018,GKT : SMK Sri Kukup,"PAYMENT FOR GKT4 x30, GKT5 x28, SPM x28",2560.0,0
BR 2604-101,2026-04-17,,300-M063,SJH : SMK Datuk Menteri,PAYMENT FOR SJH2_MTP x18,288.0,0
BR 2604-102,2026-04-17,,300-N057,PSV : SMK Datuk Menteri,"PAYMENT FOR SV2_RUJ x30, SV2_LEMB x30",1440.0,0
BR 2604-103,2026-04-17,,300-H090,BM : SMK Tan Sri Jaafar Albar,"PAYMENT FOR BM2_NOTA x15, BM2_MTP x15",360.0,0
BR 2604-104,2026-04-17,,300-S070,PP : SMK Tan Sri Jaafar Albar ,PAYMENT FOR PP2_MODUL x5,110.0,0
BR 2604-105,2026-04-17,,300-A034,PSV : SMK Tan Sri Jaafar Albar ,"PAYMENT FOR SV2_RUJ x5, SV2_LEMB x5",240.0,0
BR 2604-106,2026-04-17,,300-A036,BM : SMK Sultan Alauddin,PAYMENT FOR BM2_MTP x45,540.0,0
BR 2604-107,2026-04-17,,300-P018,PAM : SMK Dato Bentara Dalam,"PAYMENT FOR PA2_NOTA x11, GRAF x11",418.0,0
BR 2604-108,2026-04-17,,300-Z013,SJH : SMK Datin Onn Jaafar,PAYMENT FOR SJH2_MTP x8,128.0,0
BR 2604-109,2026-04-17,,300-S236,SJH : SMK Dato Sulaiman,PAYMENT FOR SJH2_MTP x14,224.0,0
CR 2604-054,2026-04-17,OR03569,300-S090,SJH : SMK (P) Temenggong Ibrahim (TIGS),PAYMENT FOR SJH2_MTP x15,240.0,0
BR 2604-110,2026-04-17,OR03570,300-K044,KV : Kolej Vokasional Batu Pahat,PAYMENT,5393.0,0
CR 2604-055,2026-04-17,OR03571,300-H045,PSV : SMK Munshi Sulaiman,"PAYMENT FOR SV2_RUJ x53, SV2_LEMB x53",2544.0,0
CR 2604-056,2026-04-17,OR03572,300-A106,PP : SMK Munshi Sulaiman,PAYMENT FOR PP2_MTP x10,100.0,0
CR 2604-057,2026-04-17,OR03573,300-Z027,BM : SMK Munshi Sulaiman,"PAYMENT FOR BM2_NOTA x27, BM2_MTP x27",648.0,0
BR 2604-111,2026-04-17,OR03499,300-S064,SMK : SMK Tunku Putra,PAYMENT,3950.2,0
BR 2604-113,2026-04-17,,300-N016,SJH : SMK Tunku Abdul Rahman Putra (STAR),PAYMENT FOR SJH2_MTP x52,823.0,0
BR 2604-125,2026-04-17,,300-N016,SJH : SMK Tunku Abdul Rahman Putra (STAR),PAYMENT FOR SJH2_MTP x1,9.0,0
BR 2604-114,2026-04-18,,300-A012,PAM : SMK Tasek Utara,PAYMENT FOR PA2_NOTA x30,1020.0,0
BR 2604-115,2026-04-20,,300-A009,PAM : SMKA Bandar Penawar,"PAYMENT FOR PA2_NOTA x20, PA2_MTP x20, GRAF x41",1084.0,0
BR 2604-116,2026-04-20,,300-R069,PAM : SMK Tun Sardon,"PAYMENT FOR PA2_NOTA x30, PA2_MTP x30, GRAF x30",1500.0,0
BR 2604-117,2026-04-20,,300-S224,EK : SMK Tun Sardon,PAYMENT FOR EK2_LEMB x7,140.0,0
BR 2604-118,2026-04-20,OR02783,300-L009,PAM : SMK Seri Tanjung,"PAYMENT FROM CG DAHLIA FOR PA2_NOTA x4, PA2_MTP x11, GRAF x2",258.0,0
BR 2604-119,2026-04-20,OR02784,300-R010,PAM : SMK Benut,PAYMENT FROM CG YUNASRIL FOR PA2_NOTA x15,510.0,0
BR 2604-120,2026-04-20,,300-Z017,PSV : SMK Laksamana,"PAYMENT FOR SV2_RUJ x20, SV2_LEMB x20",960.0,0
BR 2604-121,2026-04-20,,300-N136,GKT : SMK Dato Usman Awang,PAYMENT FOR GKT4 x15,510.0,0
BR 2604-122,2026-04-20,,300-F043,EK : SMK Dato Penggawa Timur,PAYMENT FOR EK2_LEMB x30,600.0,0
BR 2604-123,2026-04-20,,300-F013,BM : SMK Ulu Tiram,PAYMENT FOR BM2_NOTA x45,540.0,0
BR 2604-124,2026-04-20,,300-K007,KMK : SMK Adela,"PAYMENT FOR KMK2_RUJ x7, KMK2_MTP x7",413.0,0
BR 2604-126,2026-04-20,,300-M049,IPG : IPGK Temenggong Ibrahim,PAYMENT FOR BUKU PENTAKSIRAN x62,1550.0,0
CR 2604-058,2026-04-20,OR03574,300-J021,BM : SMK Lubok China,PAYMENT FOR BM2_NOTA x26,312.0,0
CR 2604-059,2026-04-20,OR03575,300-M046,SJH : SMK Lubok China,PAYMENT FOR SJH2_MTP x26,416.0,0
BR 2604-127,2026-04-20,OR03576,300-J012,KMK : SMK Sultan Alauddin,PAYMENT FOR KMK2_RUJ x5,235.0,0
CR 2604-060,2026-04-20,OR03577,300-I014,KMK : SMK Seri Tanjung,PAYMENT FOR KMK2_MTP x33,396.0,0
CR 2604-061,2026-04-20,OR03578,300-R082,PAM : SMK Tun Haji Abdul Malek (STHAM),"PAYMENT FOR PA2_NOTA x54, PA2_MTP x54, GRAF x54",2700.0,0
BR 2604-128,2026-04-20,,300-C009,PP : SMK Bukit Gambir,PAYMENT FOR PP2_LEMB x17,390.0,0
BR 2604-129,2026-04-20,,300-A108,PSV : SMK Tanjung Datuk,"PAYMENT FOR SV2_RUJ x5, SV2_LEMB x5",240.0,0
CR 2604-062,2026-04-21,,300-C009,PP : SMK Bukit Gambir,PAYMENT FOR PP2_LEMB x1,6.0,0
BR 2604-130,2026-04-21,,300-Z039,PAM : SMK Dol Said,"PAYMENT FOR PAM2_NOTA x8, PAM2_MTP x8",368.0,0
BR 2604-131,2026-04-21,OR03500,300-S144,SMK : SMK Skudai,PAYMENT,8074.0,0
BR 2604-133,2026-04-21,,300-A084,BM : SMK Tanjung Datuk,"PAYMENT FOR BM2_NOTA x15, BM2_MTP x15",360.0,0
CR 2604-063,2026-04-21,OR03579,300-R028,PAM : SMK Tanjung Datuk,"PAYMENT FOR PA2_NOTA x15, PA2_MTP x15, GRAF x15",750.0,0
BR 2604-134,2026-04-21,OR03580,300-S149,SMK : SMK Bandar Penawar,PAYMENT,632.0,0
CR 2604-064,2026-04-21,OR03581,300-Z006,PSV : SMK Bandar Easter,"PAYMENT FOR SV2_RUJ x15, SV2_LEMB x15",720.0,0
CR 2604-065,2026-04-21,OR03582,300-Y008,PAM : SMK Tan Sri Jaafar Albar ,"PAYMENT FOR PA2_NOTA x15, PA2_MTP x15, GRAF x30",810.0,0
CR 2604-066,2026-04-21,OR03583,300-A009,PAM : SMKA Bandar Penawar,PAYMENT FOR GRAF x1,4.0,0
BR 2604-132,2026-04-22,,300-E014,BM : SMK Taman Daya,PAYMENT FOR BM2_MTP x 30,360.0,0
BR 2604-135,2026-04-22,OR03601,300-S254,SMK : SMK Tasek Utara,PAYMENT,2926.2,0
BR 2604-136,2026-04-22,OR03584,300-M058,PP : SMK Sultan Alaudin Riayat Shah 1  (SARSI),PAYMENT FOR PP2_MTP x10,100.0,0
BR 2604-137,2026-04-22,OR03586,300-S040,SMK : SMK Parit Bunga,PAYMENT,1818.0,0
CR 2604-067,2026-04-22,OR03587,300-A032,SJH : SMK Dato Sri Amar Diraja,PAYMENT FOR SJH2_MTP x26,416.0,0
CR 2604-068,2026-04-22,OR03588,300-S085,GEO : SMK Dato Sri Amar Diraja,PAYMENT FOR GEO2_LEMB x6,132.0,0
CR 2604-069,2026-04-22,OR03589,300-A023,PAM : SMK Tengku Mahkota,"PAYMENT FOR PA2_NOTA x32, GRAF x43",1260.0,0
CR 2604-070,2026-04-22,OR03590,300-N098,BM : SMK Tengku Mahkota,"PAYMENT FOR BM2_NOTA x33, BM2_MTP x33",792.0,0
CR 2604-071,2026-04-22,OR03591,300-A107,PP : SMK Tengku Mahkota,PAYMENT FOR PP2_MTP X23,230.0,0
CR 2604-072,2026-04-22,OR03592,300-T002,PSV : SMK Tengku Mahkota,"PAYMENT FOR SV2_RUJ x10, SV2_LEMB x10",480.0,0
BR 2604-140,2026-04-22,,300-S215,SMK : SM Sains Johor,PAYMENT,3597.8,0
BR 2604-138,2026-04-23,,300-Y005,PSV : SMK Benut,"PAYMENT FOR SV2_RUJ x10, SV2_LEMB x10",480.0,0
BR 2604-139,2026-04-23,,300-S130,GKT : SMK Kota Masai,"PAYMENT FOR GKT5 x12, SPM x12",660.0,0
CR 2604-073,2026-04-23,OR03602,300-C001,RETAIL,PAYMENT,105.0,0
CR 2604-074,2026-04-23,OR03593,300-Z043,PAM : SMK Taman Daya,"PAYMENT FOR PA2_NOTA x64, PA2_MTP x64",2944.0,0
CR 2604-075,2026-04-23,OR03594,300-K070,PP : SMK Taman Daya,PAYMENT FOR PP2_MTP x53,530.0,0
CR 2604-076,2026-04-23,OR03595,300-Z011,PSV : SMK Taman Daya,PAYMENT FOR SV2_RUJ x32,896.0,0
CR 2604-077,2026-04-23,OR03596,300-S210,BIO : SMK Taman Daya,"PAYMENT FOR BIO2_RUJ x1, BIO2_TOP x4",114.0,0
CR 2604-078,2026-04-23,OR03597,300-S095,PSV : SMK Johor Jaya 1,"PAYMENT FOR SV2_RUJ x31, SV2_LEMB x31",1488.0,0
CR 2604-079,2026-04-23,OR03598,300-N003,GKT : SMK Taman Molek,PAYMENT FOR SPM x35,875.0,0
CR 2604-080,2026-04-23,OR03599,300-K003,GKT : SMK Agama Johor Bahru,PAYMENT FOR GKT5 x15,450.0,0
CR 2604-081,2026-04-23,OR03600,300-L003,BM : SMK Pasir Gudang 2,PAYMENT FOR BM2_NOTA x23,276.0,0
CR 2604-082,2026-04-23,OR03651,300-R014,SJH : SMK Pasir Gudang 2,PAYMENT FOR SJH2_MTP x10,160.0,0
CR 2604-083,2026-04-23,OR03652,300-R006,PAM : SMK Pasir Gudang 2,PAYMENT FROM CG HAIRANI FOR PA2_MTP x11,132.0,0
CR 2604-084,2026-04-23,OR03653,300-J006,SJH : SMK Pasir Gudang 2,PAYMENT FOR SJH2_MTP x15,240.0,0
CR 2604-085,2026-04-23,OR03654,300-S269,PSV : SMK Pasir Gudang 2,PAYMENT FOR SV2_RUJ x20,560.0,0
BR 2604-141,2026-04-23,OR03655,300-I022,PSV : SMK Pasir Gudang 2,"PAYMENT FOR SV2_RUJ x28, SV2_LEMB x24",1264.0,0
BR 2604-142,2026-04-23,OR03656,300-N144,PP : SMK Pasir Gudang 2,PAYMENT FOR PP2_MODUL x7,154.0,0
BR 2604-143,2026-04-24,OR03657,300-S007,SMK : SMK Penghulu Saat,PAYMENT,1180.0,0
BR 2604-144,2026-04-24,OR03658,300-A067,KMK : SMK Pekan Baru,"PAYMENT FOR KMK2_RUJ x10, KMK2_MTP x12",614.0,0
CR 2604-086,2026-04-24,OR03659,300-H048,BM : SMK Pekan Baru,"PAYMENT FOR BM2_NOTA x12, BM2_MTP x12",288.0,0
CR 2604-087,2026-04-24,OR03660,300-Z012,KMK : SMK Semerah,"PAYMENT FOR KMK2_RUJ x6, KMK2_MTP x6",354.0,0
BR 2604-145,2026-04-24,,300-H020,PAM : SMK Munshi Ibrahim,"PAYMENT FOR PA2_NOTA x3, PA2_MTP x3, GRAF x3",150.0,0
BR 2604-146,2026-04-24,,300-N014,GKT : SMK (P) Temenggong Ibrahim (TIGS),"PAYMENT FOR GKT4 x10, GKT5 x4, SPM x3",535.0,0
BR 2604-150,2026-04-24,,300-R044,PAM : SMK Dato Penggawa Timur,PAYMENT FOR PA2_NOTA x29,986.0,0
BR 2604-147,2026-04-25,,300-F042,PP : SMK Gelang Patah,PAYMENT FOR PP2_MTP x21,210.0,0
BR 2604-148,2026-04-25,,300-N010,PAM : SMK Aminuddin Baki,PAYMENT FOR GRAF x31,124.0,0
CR 2604-088,2026-04-27,,300-C001,RETAIL,PAYMENT ,280.0,0
BR 2604-149,2026-04-27,,300-H002,GKT : SMK Dang Anum,PAYMENT FOR GKT4 x20,680.0,0
BR 2604-151,2026-04-27,,300-R010,PAM : SMK Benut,PEYMENT FOR PAM2_NOTA x1,36.0,0
BR 2604-152,2026-04-27,,300-A024,PSV : SMK (P) Temenggong Ibrahim (TIGS),"PAYMENT FOR SV2_RUJ x4, SV2_LEMB x4",192.0,0
BR 2604-153,2026-04-27,OR03603,300-S009,SMK : SMK Yong Peng,PAYMENT,711.0,0
CR 2604-089,2026-04-27,OR03604,300-N031,BM : SMK Semerah,PAYMENT FOR BM2_NOTA x10,120.0,0
BR 2604-154,2026-04-27,OR03661,300-S143,SMK : SMK Layang-Layang,PAYMENT,1304.0,0
BR 2604-155,2026-04-27,OR03662,300-S268,SMK : SMK Seri Intan,PAYMENT,1716.3,0
CR 2604-090,2026-04-27,OR03663,300-N007,GKT : SMK Seri Lalang,PAYMENT FOR GKT4 x10,340.0,0
CR 2604-091,2026-04-27,OR03664,300-S105,KMK : SMK Datuk Menteri,"PAYMENT FOR KMK2_RUJ x8, KMK2_MTP x8",472.0,0
BR 2604-156,2026-04-27,OR03665,300-N064,PAM : SMK Datuk Menteri,"PAYMENT FOR PA2_NOTA x18, PA2_MTP x18, GRAF x18",900.0,0
BR 2604-157,2026-04-27,OR03666,300-N064,PAM : SMK Datuk Menteri,"PAYMENT FOR PA2_NOTA x19, PA2_MTP x19, GRAF x38",1026.0,0
CR 2604-092,2026-04-27,OR03667,300-N064,PAM : SMK Datuk Menteri,PAYMENT FOR GRAF x20,80.0,0
CR 2604-093,2026-04-27,OR03668,300-S274,KMK : SMK Tun Ismail,PAYMENT FOR KMK2_RUJ x10,470.0,0
BR 2604-158,2026-04-27,OR03669,300-S274,KMK : SMK Tun Ismail,PAYMENT FOR KMK2_MTP x13,156.0,0
BR 2604-159,2026-04-27,OR03670,300-Z026,BM : SMK Tun Ismail,PAYMENT FOR BM2_NOTA x19,228.0,0
CR 2604-094,2026-04-27,OR03671,300-Z032,SJH : SMK Tun Ismail,PAYMENT FOR SJH2_MTP x9,144.0,0
CR 2604-095,2026-04-27,OR03672,300-S291,PP : SMK Tun Ismail,PAYMENT FOR PP2_MTP x16,160.0,0
CR 2604-096,2026-04-28,OR03673,300-H091,PAM : SMK Bandar Tenggara,"PAYMENT FOR PA2_NOTA x36, GRAF x6",1248.0,0
BR 2604-160,2026-04-28,OR03674,300-H091,PAM : SMK Bandar Tenggara,"PAYMENT FOR PA2_NOTA x24, PA2_MTP x5, GRAF x6",900.0,0
CR 2604-097,2026-04-28,OR03675,300-H091,PAM : SMK Bandar Tenggara,"PAYMENT FOR PA2_NOTA x2, GRAF x133",600.0,0
CR 2604-098,2026-04-28,OR03677,300-A027,PAM : SMK Tun Habab,PAYMENT FOR PA2_NOTA x3,102.0,0
CR 2604-099,2026-04-28,OR03678,300-A027,PAM : SMK Tun Habab,PAYMENT FOR PA2_NOTA x19,646.0,0
CR 2604-100,2026-04-28,OR03679,300-S094,SJH : SMK Tun Habab,PAYMENT FOR SJH2_MTP x24,384.0,0
CR 2604-101,2026-04-28,OR03680,300-S238,PAM : SMK Laksamana,"PAYMENT FOR PA2_NOTA x53, PA2_MTP x53, GRAF x53",2650.0,0
CR 2604-102,2026-04-28,OR03681,300-S296,SJH : SMK Laksamana,PAYMENT FOR SJH2_MTP x29,464.0,0
CR 2604-103,2026-04-28,OR03682,300-A095,"GKT : SMK Sultan Alauddin, Kulai","PAYMENT FOR GKT4 x15, GKT5 x15, SPM x15",1335.0,0
BR 2604-161,2026-04-28,,300-S293,SMK : SMK Ungku Husin,PAYMENT,200.0,0
BR 2604-171,2026-04-28,OR03683,300-A095,"GKT : SMK Sultan Alauddin, Kulai",PAYMENT FOR GKT4 x1,34.0,0
BR 2604-173,2026-04-28,OR03676,300-K025,KOP : Koperasi SMK Linggiu,"PAYMENT FOR GKT4 x3, GKT5 x5",252.0,0
BR 2604-162,2026-04-29,,300-N073,GEO : SMK Tun Sardon,PAYMENT FOR GEO2_LEMB x 29,638.0,0
BR 2604-163,2026-04-29,,300-R018,BM : SMK Dato Onn,PAYMENT FOR BM2_MTP x25,300.0,0
BR 2604-164,2026-04-29,,300-M071,IPG : IPGK Tun Hussein Onn,PAYMENT FOR BUKU PENGANTAR x18,450.0,0
BR 2604-165,2026-04-29,,300-A027,PAM : SMK Tun Habab,"PAYMENT FOR PA2_NOTA x21, PA2_MTP x10",834.0,0
BR 2604-166,2026-04-29,OR03685,300-S295,SMK : SMK Gemereh,PAYMENT,960.2,0
BR 2604-167,2026-04-29,OR03686,300-S008,SMK : SMK Seri Tangkak,PAYMENT,674.0,0
BR 2604-168,2026-04-29,OR03687,300-S052,SMK : SMK Sultan Alaudin Riayat Shah 1  (SARSI),PAYMENT,6273.0,0
BR 2604-169,2026-04-29,OR03688,300-S029,SMK : SMK Convent Muar,PAYMENT,1460.3,0
BR 2604-170,2026-04-29,OR03689,300-S018,SMK : SMK Raja Muda,PAYMENT,4173.0,0
BR 2604-172,2026-04-29,,300-S270,SMK : SMK Tengku Mahmud Iskandar (STMI),PAYMENT,3581.0,0
CR 2604-104,2026-04-30,OR03690,300-H012,PAM : Kolej Tingkatan Enam Pontian,"PAYMENT FOR PA2_NOTA x5, PA2_MTP x5",230.0,0
BR 2604-174,2026-04-30,,300-N013,PAM : SMK Pasir Gudang 2,"PAYMENT FOR PA2_NOTA x20, GRAF x20",760.0,0
BR 2604-175,2026-04-30,,300-I028,SJH : SMK Sultan Alaudin Riayat Shah 1  (SARSI),PAYMENT FOR SJH2_MTP x16,256.0,0
BR 2604-176,2026-04-30,OR03691,300-S273,SMK : SMK Tun Aminah,PAYMENT,2919.0,0
CR 2604-105,2026-04-30,OR03692,300-A074,PAM : Kolej Tingkatan Enam Pontian,PAYMENT FOR GRAF x200,800.0,0
BR 2604-177,2026-04-30,OR03693,300-I013,SJH : SMK Benut,PAYMENT FOR SJH2_MTP x20,320.0,0
BR 2604-178,2026-04-30,OR03605,300-S198,SMK : SMK Gelang Patah,PAYMENT,2760.0,0
BR 2604-179,2026-04-30,,300-S116,SMK : Maktab Rendah Sains Mara Batu Pahat,PAYMENT,49887.4,0
BR 2605-001,2026-05-02,,300-G006,GKT : SMK Bandar Seri Alam,"PAYMENT FOR GKT4 x15, GKT5 x2, SPM x2",620.0,0
BR 2605-002,2026-05-04,,300-E009,GKT : SMK Bandar Putra 2,PAYMENT FOR GKT4 x1,34.0,0
CR 2605-001,2026-05-04,OR03694,300-K074,PP : Kolej Tingkatan 6 Tun Fatimah (KUNTUM),PAYMENT FOR PP2_MTP x24,240.0,0
BR 2605-003,2026-05-04,OR03695,300-S091,SMK : SMK Tun Syed Zahiruddin,PAYMENT,670.0,0
BR 2605-004,2026-05-04,OR03696,300-S189,SMK : SM Sains Muar,PAYMENT,1261.3,0
BR 2605-005,2026-05-04,OR03697,300-S157,SMK : SMK Sungai Abong,PAYMENT,3141.0,0
BR 2605-006,2026-05-05,,300-C012,PP : Kolej Tingkatan 6 Tun Fatimah (KUNTUM),PAYMENT FOR PP2_MTP,80.0,0
BR 2605-007,2026-05-05,OR03699,300-S003,SMK : SM Sains Sembrong,PAYMENT,720.0,0
BR 2605-008,2026-05-05,,300-J009,BM : SMK Laksamana,PAYMENT FOR BM2_NOTA x9,108.0,0
BR 2605-009,2026-05-05,,300-K052,KOP : Koperasi Kolej Vokasional Kota Tinggi,PAYMENT FOR KV_ARAB1 x94,1598.0,0
CR 2605-002,2026-05-06,OR03698,300-H003,GKT : SMK Taman Desa Jaya,"PAYMENT FOR GKT4 x13, GKT5 x7, SPM x7",827.0,0
BR 2605-010,2026-05-06,OR03700,300-S038,SMK : SMK St Joseph,PAYMENT,529.5,0
CR 2605-003,2026-05-07,OR03701,300-M045,EK : SMK Dato Sri Amar Diraja,PAYMENT FOR EK2_LEMB x24,480.0,0
CR 2605-004,2026-05-07,OR03702,300-A032,SJH : SMK Dato Sri Amar Diraja,PAYMENT FOR SJH2_MTP x1,16.0,0
CR 2605-005,2026-05-07,OR03703,300-N052,GEO : SMK Tengku Mahkota,PAYMENT FOR GEO2_LEMB x16,352.0,0
CR 2605-006,2026-05-07,OR03706,300-J033,PAM : SMK Tinggi Muar,PAYMENT FOR GEO2_LEMB x15,330.0,0
BR 2605-011,2026-05-07,OR03707,300-W010,SJH : SMK Pekan Baru,PAYMENT FOR SJH2_MTP x15,240.0,0
CR 2605-007,2026-05-07,OR03708,300-N153,PP : SMK Pekan Baru,PAYMENT FOR PP2_MTP x13,130.0,0
BR 2605-012,2026-05-07,,300-C001,RETAIL,PAYMENT,410.0,0
BR 2605-013,2026-05-07,,300-M078,BIO : SMK Sultan Ismail,"PAYMENT FOR BIO2_RUJ x5, BIO2_TOP x10",410.0,0
BR 2605-014,2026-05-07,,300-R055,PAM : SMK (P) Temenggong Ibrahim (TIGS),"PAYMENT FOR PA2_NOTA x4, PA2_MTP x4, GRAF x8",216.0,0
BR 2605-015,2026-05-07,,300-Z056,PP : SMK Tasek Utara,PAYMENT FOR PP2_MTP x15,150.0,0
BR 2605-016,2026-05-07,,300-K029,PAM : SMK Munshi Sulaiman,"PAYMENT FOR PA2_NOTA x12, PA2_MTP x12, GRAF x12",600.0,0
BR 2605-017,2026-05-08,,300-S308,BM : SMK Tinggi Batu Pahat,PAYMENT FOR BM2_NOTA x26,312.0,0
BR 2605-018,2026-05-08,,300-M049,IPG : IPGK Temenggong Ibrahim,PAYMENT FOR BUKU PENTAKSIRAN x1,25.0,0
CR 2605-008,2026-05-08,OR03709,300-N029,SJH : SMK Tunku Putra,PAYMENT FOR SJH2_MTP x23,368.0,0
CR 2605-009,2026-05-08,OR03710,300-S175,BM : SMK Tunku Putra,"PAYMENT FOT BM2_NOTA x44, BM2_MTP x30",888.0,0
BR 2605-019,2026-05-08,OR03711,300-S064,SMK : SMK Tunku Putra,PAYMENT,1120.0,0
CR 2605-010,2026-05-08,OR03712,300-A047,BM : SMK Senggarang,PAYMENT FOR BM2_NOTA x3,36.0,0
CR 2605-011,2026-05-08,OR03713,300-M041,PSV : SMK Senggarang,"PAYMENT FOR SV2_RUJ x10, SV2_LEMB x10",480.0,0
CR 2605-012,2026-05-08,OR03714,300-R068,EK : SMK Senggarang,PAYMENT FOR EK2_LEMB x8,160.0,0
CR 2605-013,2026-05-08,OR03715,300-S098,PP : SMK Senggarang,PAYMENT FOR PP2_MTP x1,10.0,0
CR 2605-014,2026-05-08,OR03716,300-R035,GEO : SMK Senggarang,PAYMENT FOR GEO2_LEMB x11,242.0,0
CR 2605-015,2026-05-08,OR03717,300-A065,PSV : SMK Dato Bentara Luar,"PAYMENT FROM CG LIM BEE LIAN FOR SV2_RUJ x16, SV2_LEMB x16",768.0,0
CR 2605-016,2026-05-09,OR03356,300-S291,PP : SMK Tun Ismail,PAYMENT FOR PP2_MTP x5,50.0,0
BR 2605-020,2026-05-10,,300-J032,PSV : SMK Dato Bentara Dalam,"PAYMENT FOR SV2_RUJ x16, SV2_LEMB x16",768.0,0
BR 2605-025,2026-05-10,,300-R044,PAM : SMK Dato Penggawa Timur,PAYMENT FOR PA2_NOTA x5,170.0,0
BR 2605-021,2026-05-11,,300-C001,RETAIL,PAYMENT,120.0,0
BR 2605-022,2026-05-11,,300-G012,SJH : Kolej Tingkatan 6 Tun Fatimah (KUNTUM),PAYMENT FOR SJH2_MTP x25,400.0,0
BR 2605-023,2026-05-11,,300-I027,PSV : SMK Sultan Alauddin,"PAYMENT FOR SV2_RUJ x7, SV2_LEMB x20",596.0,0
BR 2605-024,2026-05-11,,300-N149,ARAB : SMKA Sultan Muhammad,PAYMENT FOR ARAB2_LEMB x18,324.0,0
BR 2605-026,2026-05-11,,300-K059,BIO : SMK Tun Syed Zahiruddin,"PAYMENT FOR BIO2_RUJ x3, BIO2_TOP x2",182.0,0
BR 2605-032,2026-05-11,,300-K075,KOP : Koperasi Kolej Vokasional Pagoh,PAYMENT FOR KV_ARAB1 x56,952.0,0
BR 2605-027,2026-05-12,,300-R024,BM : SMK Adela,PAYMENT FOR BM2_MTP x7,84.0,0
BR 2605-028,2026-05-12,,300-N013,PAM : SMK Pasir Gudang 2,"PAYMENT FOR PA2_NOTA x2, GRAF x30",188.0,0
BR 2605-029,2026-05-12,,300-R044,PAM : SMK Dato Penggawa Timur,PAYMENT FOR PA2_NOTA x37,1258.0,0
BR 2605-030,2026-05-12,,300-C001,RETAIL,PAYMENT FOR PLASTER OF PARIS (2KG) x2,12.0,0
BR 2605-033,2026-05-12,OR03607,300-S181,SMK : SMK Jalan Kota Tinggi,PAYMENT,2220.0,0
BR 2605-031,2026-05-13,,300-B001,PAM : SMK Pasir Gudang 2,PAYMENT FOR PA2_NOTA x20,680.0,0
BR 2605-034,2026-05-13,,300-S145,EK : SMK Tun Tuah,PAYMENT FOR EK2_LEMB x10,200.0,0
BR 2605-035,2026-05-13,OR03606,300-S016,SMK : SMK Tanjung Adang,PAYMENT,887.0,0
BR 2605-036,2026-05-13,OR03718,300-S056,SMK : SMK Tenang Stesen,PAYMENT,1649.5,0
CR 2605-017,2026-05-13,OR03719,300-K068,KOP : Koperasi SMK Dato Bentara Dalam,PAYMENT,1395.0,0
BR 2605-037,2026-05-13,OR03720,300-S060,SMK : SMK Dato Bentara Dalam,PAYMENT,165.9,0
CR 2605-018,2026-05-13,OR03721,300-K012,PSV : SMK Tinggi Segamat,"PAYMENT FOR SV2_RUJ x24, SV2_LEMB x24",1152.0,0
BR 2605-038,2026-05-14,,300-K056,BM : SMK Tengku Temenggong Ahmad (STTA),"PAYMENT FOR BM2_NOTA x7, BM2_MTP x6",156.0,0
BR 2605-039,2026-05-14,,300-A059,SJH : SMK Tengku Mahmud Iskandar (STMI),PAYMENT FOR SJH2_MTP x3,48.0,0
CR 2605-019,2026-05-14,OR03722,300-A066,PSV : SMK Dato' Haji Talib Karim,"PAYMENT FOR SV2_RUJ x40, SV2_LEMB x30",1720.0,0
CR 2605-020,2026-05-14,OR03723,300-Z036,SJH : SMK Dato' Haji Talib Karim,PAYMENT FOR SJH2_MTP x19,304.0,0
CR 2605-021,2026-05-14,OR03724,300-J020,SJH : SMK Seri Tanjung,PAYMENT FOR SJH2_MTP x20,320.0,0
CR 2605-022,2026-05-14,OR03725,300-H029,PAM : SMK Munshi Abdullah,PAYMENT FOR PA2_NOTA x5,170.0,0
BR 2605-040,2026-05-14,,300-Y015,Yoon Shen (Segamat) Sdn Bhd.,PAYMENT,946.0,0
BR 2605-043,2026-05-14,OR03608,300-S123,SMK : SMK Pasir Gudang 3,PAYMENT,948.0,0
BR 2605-041,2026-05-15,,300-K033,KOP : Koperasi Kolej Vokasional Kluang,PAYMENT,2465.0,0
BR 2605-042,2026-05-15,,300-N003,GKT : SMK Taman Molek,"PAYMENT FOR GKT4 x25, GKT5 x5",1000.0,0
CR 2605-023,2026-05-15,OR03726,300-P002,PSV : SMK Sultan Alaudin Riayat Shah 1  (SARSI),"PAYMENT FOR SV2_RUJ x10, SV2_LEMB x10",480.0,0
CR 2605-024,2026-05-15,OR03727,300-H017,PAM : SMK Parit Bunga,"PAYMENT FOR PA2_NOTA x14, GRAF x14",532.0,0
CR 2605-025,2026-05-15,OR03728,300-M023,SJH : SMK Parit Bunga,PAYMENT FOR SJH2_MTP x14,224.0,0
CR 2605-026,2026-05-15,OR03729,300-R054,GEO : SMK Parit Bunga,PAYMENT FOR GEO2_LEMB x11,242.0,0
CR 2605-027,2026-05-15,OR03730,300-L012,PAM : SMK Tun Dr Ismail (STUDI),PAYMENT FOR GRAF x40,160.0,0
BR 2605-044,2026-05-16,,300-H041,PSV : SMK Raja Muda,PAYMENT FOR SV2_RUJ x15,420.0,0
BR 2605-045,2026-05-16,,300-R009,BM : SMK Tinggi Kluang,"PAYMENT FOR BM2_NOTA x20, BM2_MTP x20",480.0,0
BR 2605-046,2026-05-16,,300-R009,BM : SMK Tinggi Kluang,"PAYMENT FOR BM2_NOTA x6, BM2_MTP x6",144.0,0
BR 2605-047,2026-05-16,,300-N097,EK : SMK Bandar Easter,PAYMENT FOR EK2_LEMB x17,340.0,0
BR 2605-048,2026-05-16,,300-M018,GEO : SMK Datuk Menteri,PAYMENT FOR GEO2_LEMB x20,440.0,0
BR 2605-049,2026-05-18,,300-Y014,BM : Kolej Tingkatan Enam Pontian,PAYMENT FOR BM2_NOTA x20,240.0,0
BR 2605-050,2026-05-18,OR03731,300-S001,SMK : SMK Dato`Ali Hj Ahmad,PAYMENT,2499.4,0
BR 2605-051,2026-05-18,OR03732,300-A063,BIO : Kolej Tingkatan Enam Pontian,"PAYMENT FOR BIO2_RUJ x2, BIO2_TOP x2, BIO2_MTP x2",180.0,0
CR 2605-029,2026-05-18,OR03733,300-Y005,PSV : SMK Benut,"PAYMENT SV2_RUJ x7, SV2_LEMB x7",336.0,0
CR 2605-030,2026-05-18,OR03734,300-H059,GEO : SMK Benut,PAYMENT FOR GEO2_LEMB x35,770.0,0
CR 2605-031,2026-05-18,OR03735,300-H069,PSV : SMK Tun Sardon,"PAYMENT FOR SV2_RUJ x23, SV2_LEMB x23",1104.0,0
CR 2605-032,2026-05-18,OR03736,300-R069,PAM : SMK Tun Sardon,"PAYMENT FOR PA2_NOTA x3, PA2_MTP x3, GRAF x3",150.0,0
CR 2605-033,2026-05-18,OR03737,300-K071,PP : SMK Tun Sardon,PAYMENT FOR PP2_MTP x9,90.0,0
BR 2605-052,2026-05-18,,300-N017,KMK : SMK Tunku Abdul Rahman Putra (STAR),"PAYMENT FOR KMK2_RUJ x3, KMK2_MTP x3",177.0,0
BR 2605-053,2026-05-19,,300-M011,PAM : SMK Semerah,"PAYMENT FOR PA2_NOTA x7, GRAF x7",266.0,0
BR 2605-054,2026-05-19,,300-M011,PAM : SMK Semerah,PAYMENT FOR GRAF x1,4.0,0
CR 2605-034,2026-05-19,OR03738,300-R058,PAM : SMK Tunku Abdul Rahman Putra (STAR),"PAYMENT FOR PA2_NOTA x10, PA2_MTP x10, GRAF x10",500.0,0
CR 2605-035,2026-05-19,OR03739,300-H004,PAM : SMK Bandar Kota Tinggi,"PAYMENT FOR PA2_NOTA x22, PA2_MTP x22, GRAF x22",1100.0,0
CR 2605-036,2026-05-19,OR03740,300-N101,BM : SMK Sultan Abdul Jalil (SSAJ),PAYMENT FOR BM2_NOTA x5,60.0,0
BR 2605-055,2026-05-19,OR03741,300-S030,SMK : SMK Canossian Convent Kluang,PAYMENT,237.0,0
BR 2605-056,2026-05-19,OR03742,300-S003,SMK : SM Sains Sembrong,PAYMENT,3172.0,0
BR 2605-057,2026-05-19,OR03743,300-S003,SMK : SM Sains Sembrong,PAYMENT,701.5,0
CR 2605-037,2026-05-19,OR03744,300-M047,SJH : SMK Dato Haji Hassan Yunus,PAYMENT FOR SJH2_MTP X20,320.0,0
BR 2605-058,2026-05-19,,300-A060,KMK : SMK Bandar Tenggara,"PAYMENT FOR KMK2_RUJ x13, KMK2_MTP x13",767.0,0
BR 2605-059,2026-05-20,,300-H067,GKT : SMK Tinggi Melaka,"PAYMENT FOR GKT4 x18, GKT5 x13",1002.0,0
BR 2605-060,2026-05-20,,300-R074,BM : SMK Datuk Menteri,"PAYMENT FOR BM2_NOTA x19, BM2_MTP x19",456.0,0
BR 2605-061,2026-05-20,OR03745,300-S116,SMK : Maktab Rendah Sains Mara Batu Pahat,PAYMENT,4865.0,0
CR 2605-038,2026-05-20,OR03746,300-F052,PSV : Kolej Tingkatan 6 Tun Fatimah (KUNTUM),PAYMENT FOR SV2_RUJ x20,560.0,0
BR 2605-062,2026-05-20,OR03747,300-F052,PSV : Kolej Tingkatan 6 Tun Fatimah (KUNTUM),PAYMENT FOR SV2_RUJ x7,200.0,0
CR 2605-039,2026-05-20,OR03748,300-A135,EK : SMK Tinggi Melaka,PAYMENT FOR EK2_LEMB x10,200.0,0
BR 2605-069,2026-05-20,OR03747,300-F052,PSV : Kolej Tingkatan 6 Tun Fatimah (KUNTUM),PAYMENT FOR SV2_RUJ x4,108.0,0
BR 2605-070,2026-05-20,,300-M050,IPG : IPGK Temenggong Ibrahim,PAYMENT FOR BUKU PROFESIONALISME x25,625.0,0
BR 2605-063,2026-05-21,,300-S298,PSV : SMK Tinggi Melaka,"PAYMENT FOR SV2_RUJ x18, SV2_LEMB x18",864.0,0
BR 2605-064,2026-05-21,,300-Z034,SJH : SMK Aminuddin Baki,PAYMENT FOR SJH2_MTP x11,176.0,0
BR 2605-065,2026-05-21,OR03749,300-S011,SMK : SMK Palong Timur,PAYMENT,2258.0,0
CR 2605-040,2026-05-21,OR03750,300-R040,PSV : SMK Tengku Mahmud Iskandar (STMI),"PAYMENT FROM CG JULAILA FOR SV2_RUJ x8, SV2_LEMB x8",384.0,0
CR 2605-041,2026-05-21,OR03751,300-R070,PAM : SMK Iskandar Shah,"PAYMENT FOR PA2_NOTA x40, PA2_MTP x40, GRAF x43",2012.0,0
BR 2605-066,2026-05-21,,300-N106,PSV : SMK Iskandar Shah,PAYMENT FOR SV2_LEMB x14,280.0,0
BR 2605-071,2026-05-21,OR03609,300-S167,SMK : SMK Sri Perhentian,PAYMENT,354.0,0
BR 2605-072,2026-05-21,OR03610,300-S050,SMK : SMK Dato' Ibrahim Majid,PAYMENT,395.0,0
CR 2605-042,2026-05-21,OR03611,300-C001,RETAIL,PAYMENT,186.2,0
BR 2605-073,2026-05-21,OR03612,300-S320,SMK : SMK Bandar T6,PAYMENT,158.0,0
BR 2605-074,2026-05-21,OR03613,300-S057,SMK : SMK Convent Batu Pahat,PAYMENT,500.0,0
BR 2605-075,2026-05-21,OR03614,300-S084,SMK : SMK Dato Bentara Luar,PAYMENT,150.0,0
BR 2605-092,2026-05-21,,300-K048,KOP : Koperasi Kolej Vokasional Segamat,PAYMENT,1326.0,0
BR 2605-067,2026-05-22,,300-A024,PSV : SMK (P) Temenggong Ibrahim (TIGS),"PAYMENT FOR SV2_RUJ x2, SV2_LEMB x3",116.0,0
BR 2605-068,2026-05-22,OR02785,300-B001,PAM : SMK Pasir Gudang 2,PAYMENT FROM CG NOR SAFINA FOR PA2_NOTA x25,850.0,0
BR 2605-076,2026-05-22,,300-A012,PAM : SMK Tasek Utara,PAYMENT FOR PA2_NOTA x18,612.0,0
CR 2605-043,2026-05-22,OR03752,300-H049,BM : SMK Tun Ismail,PAYMENT FOR BM2_NOTA x16,192.0,0
CR 2605-044,2026-05-22,OR03753,300-Z032,SJH : SMK Tun Ismail,PAYMENT FROM CG RUHANI FOR SJH2_MTP x6,96.0,0
BR 2605-077,2026-05-22,OR03754,300-Z008,PAM : SMK Tinggi Batu Pahat,PAYMENT FROM CG JALINAH FOR PA2_NOTA x15,510.0,0
CR 2605-045,2026-05-22,OR03755,300-C011,PP : SMK Tinggi Batu Pahat,PAYMENT FOR PP2_MTP x15,150.0,0
BR 2605-078,2026-05-22,OR03615,300-S323,SMK : SMK Kota Masai 2,PAYMENT,2000.0,0
BR 2605-079,2026-05-22,OR03616,300-S326,SMK : SMK Taman Molek,PAYMENT,455.0,0
BR 2605-080,2026-05-22,OR03617,300-K037,KV : Kolej Vokasional Tanjung Puteri,PAYMENT,6954.0,0
BR 2605-081,2026-05-22,,300-C001,RETAIL,PAYMENT,14.3,0
BR 2605-085,2026-05-22,,300-N059,PSV : SMK Tinggi Batu Pahat,PAYMENT FOR SV2_LEMB x20,400.0,0
BR 2605-082,2026-05-23,,300-C001,RETAIL,PAYMENT,120.0,0
BR 2605-083,2026-05-23,,300-L009,PAM : SMK Seri Tanjung,"PAYMENT FOR PA2_NOTA x6, PA2_MTP x6, GRAF x12",324.0,0
BR 2605-084,2026-05-23,,300-A004,GKT : SMK Dato Jaafar,"PAYMENT FOR GKT4 x3, GKT x7",312.0,0
BR 2605-086,2026-05-24,OR02786,300-L009,PAM : SMK Seri Tanjung,"PAYMENT FROM CG ABD SHAHROM FOR PA2_NOTA x21, PA2_MTP x21, GRAF x38",1118.0,0
BR 2605-087,2026-05-26,,300-N014,GKT : SMK (P) Temenggong Ibrahim (TIGS),PAYMENT FOR GKT4 x15,510.0,0
BR 2605-088,2026-05-29,OR03756,300-S064,SMK : SMK Tunku Putra,PAYMENT,1260.0,0
BR 2605-089,2026-05-29,OR03757,300-S032,SMK : SMK Munshi Sulaiman,PAYMENT,859.2,0
BR 2605-090,2026-05-29,OR03758,300-S063,SMK : SMK Tun Sardon,PAYMENT,1712.0,0
BR 2605-091,2026-05-29,OR03759,300-S181,SMK : SMK Jalan Kota Tinggi,PAYMENT,2240.0,0
BR 2606-009,2026-06-04,OR03760,300-S015,SMK : SMK Sultan Abdul Jalil (SSAJ),PAYMENT,445.6,0
BR 2606-001,2026-06-05,,300-F043,EK : SMK Dato Penggawa Timur,PAYMENT FOR EK2_LEMB x11,220.0,0
BR 2606-002,2026-06-05,OR02787,300-N066,SJH : SMK Skudai,PAYMENT FROM CG SURYANI FOR SJH2_MTP x2,32.0,0
BR 2606-003,2026-06-05,,300-S154,PSV : SMK Dato Penggawa Timur,"PAYMENT FOR SV2_RUJ x16, SV2_LEMB x16",768.0,0
BR 2606-004,2026-06-05,,300-I014,KMK : SMK Seri Tanjung,"PAYMENT FOR KMK2_RUJ x14, KMK2_MTP x6",730.0,0
BR 2606-005,2026-06-05,,300-A023,PAM : SMK Tengku Mahkota,PAYMENT FOR GRAF x21,84.0,0
BR 2606-006,2026-06-05,,300-A108,PSV : SMK Tanjung Datuk,"PAYMENT FOR SV2_RUJ x3, SV2_LEMB x3",144.0,0
BR 2606-007,2026-06-05,,300-H079,SJH : SMK Tun Haji Abdul Malek (STHAM),PAYMENT FOR SJH2_MTP x25,400.0,0
BR 2606-008,2026-06-05,,300-Z035,BM : SMK Tun Haji Abdul Malek (STHAM),PAYMENT FOR BM2_NOTA x10,120.0,0
BR 2606-010,2026-06-05,OR03618,300-S240,SMK : SMK Banang Jaya,PAYMENT,237.0,0
BR 2606-011,2026-06-05,,300-N010,PAM : SMK Aminuddin Baki,"PAYMENT FOR PA2_NOTA x8, PA2_MTP x8, GRAF x7",396.0,0
BR 2606-012,2026-06-05,OR02789,300-M011,PAM : SMK Semerah,"PAYMENT FROM CG FADZILAH FOR PA2_NOTA x10, GRAF x7",384.0,0
BR 2606-013,2026-06-05,,300-A109,BM : SMK Tengku Mahmud Iskandar (STMI),"PAYMENT FOR BM2_NOTA x12, BM2_MTP x12",288.0,0
BR 2606-014,2026-06-05,OR02789,300-F026,PAM : SMK Semerah,PAYMENT,28.0,0
BR 2606-015,2026-06-06,,300-R081,PSV : SMK Tun Dr Ismail (STUDI),"PAYMENT FOR SV2_RUJ x18, SV2_LEMB x18",864.0,0
BR 2606-016,2026-06-08,OR03619,300-S114,SMK : SMK Taman Universiti,PAYMENT,655.0,0
CR 2606-001,2026-06-08,OR03761,300-C004,PSV : SMK Tun Tuah,PAYMENT FOR SV1_RUJ x5,160.0,0
BR 2606-017,2026-06-09,,300-N043,PAM : SMK Sultan Alaudin Riayat Shah 1  (SARSI),"PAYMENT FOR PA2_NOTA x4, PA2_MTP x4, GRAF x4",200.0,0
CR 2606-002,2026-06-09,OR03622,300-K018,KOP : Koperasi Kolej Tingkatan 6 Tun Fatimah (KUNTUM),"PAYMENT FOR PA2_NOTA x2, PA2_MTP x4, KMK2_MTP x10",236.0,0
BR 2606-018,2026-06-09,OR03623,300-S158,SMK : SMK Bukit Naning,PAYMENT,237.0,0
BR 2606-019,2026-06-09,OR03762,300-S161,SMK : SMK Tun Habab,PAYMENT,1156.0,0
BR 2606-020,2026-06-10,OR03624,300-S328,SMK : SMK Mutiara Rini,PAYMENT,1460.0,0
BR 2606-023,2026-06-10,,300-N152,PAM : SMK Ledang,PAYMENT FOR PA1_NOTA x50,1750.0,0
BR 2606-021,2026-06-11,OR03763,300-S022,SMK : SMK Telok Mas,PAYMENT,2383.0,0
BR 2606-022,2026-06-11,OR03764,300-S304,SMK : SMK Dang Anum,PAYMENT,553.0,0
BR 2606-024,2026-06-11,,300-A011,GKT : SMK Seri Jementah,PAYMENT FOR GKT4 x6,204.0,0
BR 2606-025,2026-06-12,OR02790,300-C001,RETAIL,PAYMENT,25.0,0
BR 2606-026,2026-06-12,,300-M071,IPG : IPGK Tun Hussein Onn,PAYMENT FOR BUKU PENGANTAR x25,625.0,0
BR 2606-031,2026-06-12,,300-K031,SJH : SMK Tinggi Segamat,PAYMENT FOR SJH1_MTP x13,130.0,0
BR 2606-034,2026-06-12,,300-N068,SJH : SMK Ledang,PAYMENT FOR SJH1_MTP x15,150.0,0
BR 2606-032,2026-06-13,,300-M071,IPG : IPGK Tun Hussein Onn,PAYMENT FOR BUKU PENGANTAR x25,625.0,0
BR 2606-033,2026-06-14,,300-M071,IPG : IPGK Tun Hussein Onn,PAYMENT FOR BUKU PENGANTAR x28,700.0,0
BR 2606-027,2026-06-15,OR03765,300-S023,SMK : SMK Seri Gading,PAYMENT,4500.0,0
BR 2606-028,2026-06-15,OR03766,300-S045,SMK : SMK Dato Onn,PAYMENT,231.1,0
BR 2606-046,2026-06-15,,300-N151,USUL : SMKA Sharifah Rodziah,PAYMENT FOR BUKU USUL2_LEMB x23,414.0,0
BR 2606-029,2026-06-16,OR03767,300-S139,SMK : SMK Tun Syed Nasir Ismail,PAYMENT,890.5,0
BR 2606-030,2026-06-16,OR03768,300-S038,SMK : SMK St Joseph,PAYMENT,2119.7,0
CR 2606-003,2026-06-16,OR03625,300-C001,RETAIL,PAYMENT FOR FOLIO FOLDER x18,486.0,0
BR 2606-104,2026-06-16,,300-M082,PAM : SMK Dato Penggawa Timur,PAYMENT FOR PA1_NOTA x4,140.0,0
BR 2606-035,2026-06-18,,300-K031,SJH : SMK Tinggi Segamat,PAYMENT FOR SJH1_MTP X9,90.0,0
CR 2606-004,2026-06-18,OR03769,300-F008,SJH : SMKA Bandar Penawar,PAYMENT FOR SJH2_MTP X21,336.0,0
BR 2606-036,2026-06-18,OR03770,300-S316,SMK : SMK Adela,PAYMENT,869.0,0
BR 2606-037,2026-06-18,OR03621,300-S010,SMK : SMK Bandar Putra Segamat,PAYMENT,1691.0,0
BR 2606-038,2026-06-18,OR03626,300-S031,SMK : SMK St Andrew,PAYMENT,553.0,0
BR 2606-039,2026-06-18,,300-S237,PAM : SMK Lubok China,"PAYMENT FOR PA1_NOTA x13, PA1_MTP x13, PA1_ESEI x6",779.0,0
BR 2606-040,2026-06-18,,300-K079,KIMIA : SMK Dato Sri Amar Diraja,PAYMENT FOR KIMIA1_TOP x2,40.0,0
BR 2606-041,2026-06-19,,300-N158,AKAUN : SMK Munshi Abdullah,PAYMENT FOR AKAUN1_RUJ x14,504.0,0
CR 2606-005,2026-06-19,OR03771,300-N065,PAM : SMK Tengku Mahkota,PAYMENT FOR GRAF x62,248.0,0
BR 2606-042,2026-06-19,,300-S088,BM : SMK Raja Muda,"PAYMENT FOR BM1_NOTA x20, BM1_MTP x20",600.0,0
BR 2606-043,2026-06-19,,300-M054,PAM : SMK Johor Jaya 1,PAYMENT FOR PA1_NOTA x60,2100.0,0
BR 2606-044,2026-06-19,OR03627,300-S260,SMK : SMK Bandar Uda Utama,PAYMENT,3777.0,0
BR 2606-045,2026-06-19,OR03628,300-S322,SMK : SMK Taman Bukit Indah,PAYMENT,1659.0,0
BR 2606-047,2026-06-21,,300-H020,PAM : SMK Munshi Ibrahim,"PAYMENT FOR PA2_NOTA x1, PA2_MTP x1, GRAF x1",50.0,0
BR 2606-048,2026-06-21,OR02791,300-L009,PAM : SMK Seri Tanjung,"PAYMENT FROM CG TIAN FOR PA1_NOTA x20, PA1_MTP x20",940.0,0
CR 2606-006,2026-06-22,OR03629,300-K018,KOP : Koperasi Kolej Tingkatan 6 Tun Fatimah (KUNTUM),"PAYMENT FOR PA1_NOTA x222, PA1_MTP x223, KMK1_RUJ x15, KMK1_MTP x30",11466.0,0
BR 2606-049,2026-06-22,OR03772,300-S312,SMK : SMK Naning,PAYMENT,260.0,0
CR 2606-007,2026-06-22,OR03773,300-K016,PAM : SMK Sultan Alauddin,"PAYMENT FOR PA1_NOTA x20, PA1_MTP x20",940.0,0
BR 2606-050,2026-06-22,,300-R010,PAM : SMK Benut,PAYMENT FOR PA1_NOTA x18,630.0,0
BR 2606-051,2026-06-22,,300-N015,PSV : SMK Tunku Abdul Rahman Putra (STAR),PAYMENT FOR SV2_RUJ x29,812.0,0
BR 2606-052,2026-06-22,,300-Y017,KIMIA : SMK Gajah Berang,PAYMENT FOR KIMIA1_TOP x10,200.0,0
CR 2606-008,2026-06-23,OR03774,300-I024,PAM : SMK Tunku Abdul Rahman Putra (STAR),"PAYMENT FOR PA1_NOTA x30, PA1_MTP x30, PA1_ESEI x30",2250.0,0
BR 2606-053,2026-06-23,,300-S173,PAM : SMK Tunku Abdul Rahman Putra (STAR),"PAYMENT FOR PA1_NOTA x30, PA1_MTP x30, PA1_ESEI x30",2250.0,0
BR 2606-054,2026-06-23,,300-C007,PAM : SMK Munshi Abdullah,PAYMENT FOR PA1_NOTA x20,700.0,0
BR 2606-055,2026-06-23,,300-M038,SJH : SMK Raja Muda,PAYMENT FOR SJH1_MTP9,90.0,0
BR 2606-056,2026-06-23,OR03630,300-S321,SMK : SMK Desa Cemerlang,PAYMENT,276.5,0
BR 2606-094,2026-06-23,,300-J038,PP : SMK Tun Habab,PAYMENT FOR KIMIA1_TOP x5,100.0,0
BR 2606-057,2026-06-24,,300-Y016,AKAUN : Kolej Tingkatan 6 Tun Fatimah (KUNTUM),PAYMENT FOR AKAUN1_RUJ x10,360.0,0
BR 2606-058,2026-06-24,OR03633,300-S313,SMK : SMK Dato' Abdul Rahman Andak (SDARA),PAYMENT,1885.0,0
BR 2606-059,2026-06-24,OR03634,300-S083,SMK : SM Sains Batu Pahat,PAYMENT,1166.0,0
BR 2606-060,2026-06-24,OR03635,300-S177,SK: SK Montfort,PAYMENT,1608.0,0
CR 2606-009,2026-06-24,OR03631,300-M041,PSV : SMK Senggarang,"PAYMENT FOR SV2_RUJ x8, SV2_LEMB x8",384.0,0
CR 2606-010,2026-06-24,OR03632,300-S331,SMK : SMK Tunku Mahmood Iskandar,PAYMENT,474.0,0
CR 2606-011,2026-06-24,OR03775,300-F055,KIMIA : SMK Labis,PAYMENT FOR KIMIA1_TOP x4,80.0,0
BR 2606-062,2026-06-24,,300-S213,SJH : SMK Dato Bentara Dalam,PAYMENT FOR SJH1_MTP x16,160.0,0
BR 2606-063,2026-06-24,,300-A045,BM : SMK Munshi Ibrahim,"PAYMENT FOR BM1_NOTA x18, BM1_MTP x18",540.0,0
BR 2606-064,2026-06-24,,300-P014,PAM : SMK Dato Sulaiman,"PAYMENT FOR PA1_NOTA x20, PA1_MTP x20",940.0,0
BR 2606-068,2026-06-24,,300-R079,SJH : SMK Tinggi Muar,PAYMENT FOR SJH1_MTP x13,130.0,0
BR 2606-061,2026-06-25,OR03636,300-S061,SMK : SMK Senggarang,PAYMENT,1697.0,0
BR 2606-065,2026-06-25,,300-C001,RETAIL,PAYMENT,140.0,0
BR 2606-066,2026-06-25,,300-N011,PAM : Maktab Sultan Abu Bakar,"PAYMENt FOR PA1_NOTA x42, PA1_MTP x42, PA1_ESEI x42",3066.0,0
BR 2606-067,2026-06-25,,300-R043,SJH : SMK Bandar Mas,PAYMENT FOR SJH1_MTP x15,150.0,0
BR 2606-069,2026-06-25,,300-N135,SJH : SMK Seri Medan,PAYMENT FOR SJH1_MTP x10,100.0,0
BR 2606-070,2026-06-25,,300-S076,PP : SMK Dato Jaafar,PAYMENT FOR PP1_MTP x100,1000.0,0
BR 2606-071,2026-06-25,,300-M052,KMK : SMK Bandar Mas,"PAYMENT FOR KMK1_RUJ x10, KMK1_MTPx11",572.0,0
BR 2606-072,2026-06-25,,300-I016,PSV : SMK Pekan Baru,"PAYMENT FOR SV2_RUJ x17, SV2_LEMB x17",816.0,0
BR 2606-073,2026-06-25,,300-N050,BM : SMK Labis,"PAYMENT FOR BM1_NOTA x12, BM1_MTP x12",360.0,0
BR 2606-074,2026-06-25,,300-C001,RETAIL,PAYMENT,158.0,0
BR 2606-075,2026-06-25,,300-H053,BM : SMK Tinggi Muar,"PAYMENT FOR BM1_NOTA x15, BM1_MTP x15",450.0,0
BR 2606-076,2026-06-25,,300-M061,PP : SMK Tun Dr Ismail (STUDI),PAYMENT FOR PP1_MTP x22,220.0,0
BR 2606-077,2026-06-25,,300-S347,MUET : Kolej Tingkatan 6 Tun Fatimah (KUNTUM),PAYMENT FOR MUET_THEMA x27,1026.0,0
BR 2606-078,2026-06-25,,300-S269,PSV : SMK Pasir Gudang 2,PAYMENT FOR SV2_LEMB x15,300.0,0
BR 2605-094,2026-06-25,,300-N154,PSV : SMK Semerah,PAYMENT FOR SV1_RUJ x6,192.0,0
BR 2606-079,2026-06-25,,300-N140,SJH : SMK Adela,PAYMENT FOR SJH1_MTP x20,200.0,0
BR 2606-080,2026-06-25,,300-H006,PAM : SMK Aminuddin Baki,"PAYMENT FOR PA1_NOTA x20, PA1_MTP x20",940.0,0
BR 2606-081,2026-06-25,,300-O002,SJH : Kolej Tingkatan 6 Tun Fatimah (KUNTUM),PAYMENT FOR SJH1_MTP x29,290.0,0
BR 2606-103,2026-06-25,OR02794,300-M082,PAM : SMK Dato Penggawa Timur,PAYMENT FROM CG RAHMAH FOR PA1_NOTA x40,1400.0,0
CR 2606-012,2026-06-26,OR03776,300-H012,PAM : Kolej Tingkatan Enam Pontian,"PAYMENT FOR PA1_NOTA x102, PA1_MTP x106",4842.0,0
BR 2606-082,2026-06-26,,300-N141,AKAUN : SMK Tinggi Melaka,PAYMENT FOR AKAUN1_RUJ x25,900.0,0
BR 2606-083,2026-06-26,,300-L011,GEO : Maktab Sultan Abu Bakar,PAYMENT FOR GEO1_MTP x24,264.0,0
BR 2606-084,2026-06-26,,300-A013,PAM : SMK Sultan Ibrahim,PAYMENT FOR PA1_NOTA x19,665.0,0
BR 2606-085,2026-06-26,,300-M054,PAM : SMK Johor Jaya 1,PAYMENT FOR PA1_NOTA x50,1750.0,0
BR 2606-086,2026-06-26,,300-N059,PSV : SMK Tinggi Batu Pahat,PAYMENT FOR SV2_LEMB x19,380.0,0
BR 2606-087,2026-06-27,,300-H036,BM : SMK Tun Dr Ismail (STUDI),"PAYMENT FOR BM2_NOTA x30, BM2_MTP x30",720.0,0
BR 2606-088,2026-06-29,,300-S343,KIMIA : SMK Taman Daya,PAYMENT FOR KIMIA1_TOP x5,100.0,0
BR 2606-089,2026-06-29,,300-N150,ARAB : SMKA Sharifah Rodziah,PAYMENT FOR ARAB1_LEMB x20,600.0,0
BR 2606-090,2026-06-29,OR02792,300-L009,PAM : SMK Seri Tanjung,"PAYMENT FROM CG TIAN FOR PA1_NOTA x3, PA1_MTP x2",129.0,0
BR 2606-091,2026-06-29,,300-N160,KIMIA : SMK Dato Haji Hassan Yunus,PAYMENT FOR KIMIA1_TOP x9,180.0,0
BR 2606-092,2026-06-29,OR03637,300-S037,SMK : SMK Dato Syed Esa,PAYMENT,2544.6,0
BR 2606-093,2026-06-29,OR03777,300-S211,SMK : SMK Taman Kluang Barat,PAYMENT,4603.5,0
CR 2606-013,2026-06-29,OR03778,300-S105,KMK : SMK Datuk Menteri,"PAYMENT FOR KMK2_RUJ x11, KMK2_MTP x11",649.0,0
BR 2606-095,2026-06-29,,300-J012,KMK : SMK Sultan Alauddin,PAYMENT FOR KMK1_MTP x19,228.0,0
CR 2606-014,2026-06-30,OR03779,300-Z023,PAM : SMK Gajah Berang,PAYMENT FROM CG NG PECK KUAN FOR PA1_NOTA x7,245.0,0
CR 2606-015,2026-06-30,OR03780,300-Z023,PAM : SMK Gajah Berang,"PAYMENT FOR PA1_NOTA x23, PA1_MTP x11",937.0,0
BR 2606-096,2026-06-30,,300-S346,AKAUN : SMK Tun Tuah,PAYMENT FOR AKAUN1_RUJ x22,792.0,0
BR 2606-097,2026-06-30,,300-N126,PAM : SMK Dato Onn,PAYMENT FOR PA1_NOTA x27,945.0,0
BR 2606-098,2026-06-30,,300-N162,KIMIA : SMK Tinggi Muar,PAYMENT FOR KIMIA1_TOP x9,180.0,0
BR 2606-099,2026-06-30,,300-N137,SJH : SMK Tun Perak,PAYMENT FOR SJH1_MTP x12,120.0,0
BR 2606-100,2026-06-30,,300-N071,BIO : SMK Gajah Berang,PAYMENT FOR BIO1_RUJ x5,260.0,0
BR 2606-101,2026-06-30,,300-H070,USUL : SMKA Sultan Muhammad,PAYMENT FOR USUL1_LEMB x20,420.0,0
BR 2606-102,2026-06-30,,300-N003,GKT : SMK Taman Molek,"PAYMENT FOR GKT5 x22, +RM10",670.0,0
CR 2606-016,2026-06-30,OR03638,300-F005,PAM : SMK Gelang Patah,"PAYMENT FOR PA1_NOTA x32, PA1_MTP x32, PA1_ESEI x32",2400.0,0
BR 2607-001,2026-07-01,,300-S344,KIMIA : SMK Dato Penggawa Timur,PAYMENT FOR KIMIA1_TOP x9,180.0,0
BR 2607-002,2026-07-01,,300-S168,GEO : SMK Tun Dr Ismail (STUDI),PAYMENT FOR GEO1_LEMB x26,624.0,0
BR 2607-003,2026-07-01,,300-R076,EK : SMK Tun Dr Ismail (STUDI),PAYMENT FOR EK3_RUJ x5,150.0,0
BR 2607-004,2026-07-01,,300-N163,MUET : SMK Raja Muda,PAYMENT FOR MUET_MTP x25,625.0,0
BR 2607-005,2026-07-01,,300-D007,PAM : SMK Dato Jaafar,"PAYMENT FOR PA1_NOTA x60, PA1_MTP x75",3000.0,0
BR 2607-006,2026-07-01,,300-S077,AKAUN : SMK Dato Jaafar,PAYMENT FOR AKAUN1_RUJ x24,864.0,0
BR 2607-007,2026-07-01,,300-H042,PP : SMK Raja Muda,PAYMENT FOR PP1_MTP x18,180.0,0
BR 2607-008,2026-07-01,OR03639,300-S280,SMK : SMK Ulu Tiram,PAYMENT,2664.4,0
BR 2607-015,2026-07-01,,300-R084,PP : SMK Ulu Tiram,PAYMENT FOR PP1_MTP x122,1220.0,0
BR 2607-027,2026-07-01,,300-O004,KIMIA : Maktab Sultan Abu Bakar,PAYMENT FOR KIMIA1_TOP X15,300.0,0
CR 2607-001,2026-07-02,OR03781,300-S174,EK : SMK Ledang,PAYMENT FOR EK3_RUJ x5,150.0,0
BR 2607-009,2026-07-02,OR03640,300-C001,RETAIL,PAYMENT,71.1,0
BR 2607-010,2026-07-02,OR03641,300-S165,SMK : SMKA Haji Mohd Yassin,PAYMENT,2791.6,0
BR 2607-011,2026-07-02,OR03642,300-S029,SMK : SMK Convent Muar,PAYMENT,949.6,0
BR 2607-012,2026-07-02,OR03643,300-S023,SMK : SMK Seri Gading,PAYMENT,1900.0,0
BR 2607-013,2026-07-02,OR03644,300-S023,SMK : SMK Seri Gading,PAYMENT,563.35,0
BR 2607-016,2026-07-02,,300-S172,PAM : SMK Bandar Easter,PAYMENT FOR PA1_NOTA x30,1050.0,0
BR 2607-017,2026-07-02,,300-N014,GKT : SMK (P) Temenggong Ibrahim (TIGS),PAYMENT FOR GKT4 x9,306.0,0
BR 2607-018,2026-07-02,,300-F005,PAM : SMK Gelang Patah,"PAYMENT FROM CG NORLIDAH FOR PA1_NOTA x22, PA1_MTP x22, PA1_ESEI x22",1650.0,0
BR 2607-026,2026-07-02,,300-K082,KIMIA : SMK Ledang,PAYMENT FOR KIMIA1_TOP x7,140.0,0
CR 2607-002,2026-07-03,,300-Z008,PAM : SMK Tinggi Batu Pahat,PAYMENT FOR BUKU PA1_NOTA x30,1050.0,0
CR 2607-003,2026-07-03,,300-S340,PAM : SMK Tinggi Batu Pahat,PAYMENT FOR BUKU PA1_NOTA x15,525.0,0
CR 2607-004,2026-07-03,OR03782,300-N049,EK : SMK Dato Seth,PAYMENT FOR BUKU EK3_RUJ x23,690.0,0
CR 2607-005,2026-07-03,OR03783,300-M070,PAM : SMK Seri Medan,"PAYMENT FOR BUKU PA1_NOTA x26, PA1_MTP x26, PA1_ESEI x26",1950.0,0
BR 2607-014,2026-07-03,OR03645,300-S063,SMK : SMK Tun Sardon,PAYMENT,356.5,0
CR 2607-006,2026-07-03,OR03646,300-S090,SJH : SMK (P) Temenggong Ibrahim (TIGS),PAYMENT FOR SJH1_MTP x5,50.0,0
CR 2607-007,2026-07-03,OR03647,300-N032,EK : SMK (P) Temenggong Ibrahim (TIGS),PAYMENT FOR EK1_LEMB x5,75.0,0
BR 2607-019,2026-07-03,,300-S088,BM : SMK Raja Muda,"PAYMENT FOR BM1_NOTA x3, BM1_MTP x3",90.0,0
BR 2607-020,2026-07-03,,300-T014,PSV : SMK Bandar Tenggara,PAYMENT FOR SV1_RUJ x18,576.0,0
BR 2607-021,2026-07-03,,300-N152,PAM : SMK Ledang,PAYMENT FOR PA1_NOTA x12,420.0,0
BR 2607-022,2026-07-03,,300-P023,PP : SMK Bukit Gambir,"PAYMENT FOR PP1_MODUL x16, PP1_MTP x17",490.0,0
BR 2607-023,2026-07-03,,300-N114,PAM : SMKA Sultan Muhammad,PAYMENT FOR PA1_NOTA x22,770.0,0
BR 2607-024,2026-07-03,,300-N155,BM : SMK Seri Medan,"PAYMENT FOR BM1_NOTA x31, BM1_MTP x31",930.0,0
BR 2607-025,2026-07-03,,300-K083,KIMIA : SMK Datuk Bendahara,PAYMENT FOR KIMIA1_TOP x3,60.0,0
BR 2607-028,2026-07-05,,300-Z031,PSV : SMK St Joseph,PAYMENT,160.0,0
BR 2607-029,2026-07-06,,300-M080,MUET : SMK Skudai,"PAYMENT FOR MUET_THEMA x5, MUET_MTP x30",940.0,0
BR 2607-030,2026-07-06,,300-D007,PAM : SMK Dato Jaafar,"PAYMENT FOR PA1_NOTA x56, PA1_MTP x45",2500.0,0
BR 2607-031,2026-07-06,,300-D007,PAM : SMK Dato Jaafar,"PAYMENT FOR PA1_NOTA x14, PA1_MTP x10",610.0,0
BR 2607-032,2026-07-06,,300-A079,EK : SMK Tan Sri Jaafar Albar ,"PAYMENT FOR EK1_RUJ x28, EK1_LEMB x28",1036.0,0
BR 2607-033,2026-07-06,,300-N164,KIMIA : SMK Tun Habab,PAYMENT FOR KIMIA1_TOP x4,80.0,0
BR 2607-034,2026-07-06,,300-H054,EK : SMK Tengku Mahkota,PAYMENT FOR EK1_LEMB x12,180.0,0
BR 2607-035,2026-07-06,,300-S338,PAM : SMK Labis,"PAYMENT FOR PA1_NOTA x23, PA1_MTP x2",829.0,0
BR 2607-036,2026-07-06,,300-R080,SJH : SMK Bandar Kota Tinggi,PAYMENT FOR SJH1_MTP x20,200.0,0
BR 2607-037,2026-07-06,,300-S103,GEO : SMK Bandar Mas,PAYMENT FOR GEO1_MTP x15,165.0,0
BR 2607-038,2026-07-06,,300-R080,SJH : SMK Bandar Kota Tinggi,"PAYMENT FOR SJH1_MTP x4, SJH3_MTP x20",280.0,0
BR 2607-039,2026-07-06,,300-C001,RETAIL,PAYMENT,512.0,0
BR 2607-040,2026-07-06,,300-H010,SJH : SMK Dato Jaafar,PAYMENT FOR SJH2_MTP x20,320.0,0
BR 2607-041,2026-07-06,,300-N053,GEO : SMK Tun Perak,"PAYMENT FOR GEO1_LEMB x37, GEO1_MTPx37",1295.0,0
CR 2607-008,2026-07-06,OR03648,300-C001,RETAIL,PAYMENT,217.3,0
BR 2607-042,2026-07-06,OR03649,300-S058,SMK : SM Agama Parit Raja,PAYMENT,4475.0,0
CR 2607-009,2026-07-06,OR03650,300-N079,BIO : SMK Tun Habab,"PAYMENT FOR BIO1_RUJ x2, BIO1_TOP x2, BIO1_MTP x2, BIO3_RUJ x1, BIO1_TOP x1",252.0,0
CR 2607-010,2026-07-06,OR03802,300-A025,SJH : SMK Bandar Tenggara,PAYMENT FOR SJH1_MTP x9,90.0,0
BR 2607-043,2026-07-06,,300-J004,PAM : SMK Adela,"PAYMENT FOR PA1_NOTA x20, PA1_ESEI x20",1260.0,0
BR 2607-099,2026-07-06,,300-C001,RETAIL,PAYMENT,465.0,0
BR 2607-044,2026-07-07,,300-H101,MUET : SMK Dol Said,PAYMENT FOR MUET_THEMA x3,114.0,0
BR 2607-045,2026-07-07,,300-N113,PAM : SMKA Sharifah Rodziah,"PAYMENT FOR PA1_NOTA x38, PA1_MTP x38",1786.0,0
BR 2607-046,2026-07-07,,300-H086,ARAB : SMKA Bandar Penawar,PAYMENT FOR ARAB3_LEMB x20,400.0,0
BR 2607-047,2026-07-07,,300-M060,BIO : SMK Tinggi Kluang,PAYMENT FOR BIO3_RUJ x3,144.0,0
BR 2607-048,2026-07-07,,300-M060,BIO : SMK Tinggi Kluang,PAYMENT FOR BIO3_RUJ x1,48.0,0
BR 2607-049,2026-07-07,,300-F015,PAM : SMK Raja Muda,PAYMENT FOR PA3_NOTA x13,377.0,0
BR 2607-050,2026-07-07,,300-S108,AKAUN : SMK Johor Jaya 1,PAYMENT FOR AKAUN1_RUJ x24,864.0,0
BR 2607-051,2026-07-07,,300-A092,BIO : SMK Dato Penggawa Timur,PAYMENT FOR BIO2_MTP x8,192.0,0
BR 2607-052,2026-07-07,,300-Y017,KIMIA : SMK Gajah Berang,PAYMENT FOR KIMIA1_TOP x1,20.0,0
BR 2607-053,2026-07-07,,300-Y017,KIMIA : SMK Gajah Berang,PAYMENT FOR KIMIA1_TOP x1,20.0,0
CR 2607-011,2026-07-07,OR03784,300-S245,EK : SMK Bandar Mas,PAYMENT FOR EK3_RUJ x5,150.0,0
CR 2607-012,2026-07-07,OR03801,300-A035,EK : SMJK Pulau Sebang,"PAYMENT FOR EK1_RUJ x9, EK1_LEMB x15",423.0,0
BR 2607-054,2026-07-08,,300-E019,EK : SMK Palong Timur,PAYMENT FOR EK3_RUJ x15,450.0,0
BR 2607-055,2026-07-08,,300-H036,BM : SMK Tun Dr Ismail (STUDI),PAYMENT FOR BM1_NOTA x25,450.0,0
BR 2607-056,2026-07-08,,300-K021,PAM : SMK Munshi Abdullah,PAYMENT FOR PA1_NOTA x20,700.0,0
BR 2607-057,2026-07-08,,300-K084,KMK : SMK Tunku Abdul Rahman Putra (STAR),"PAYMENT FOR KMK1_RUJ x29, KMK1_MTP x29",1624.0,0
BR 2607-058,2026-07-08,,300-R017,KMK : SMK (P) Sultan Abu Bakar,"PAYMENT FOR KMK3_RUJ x5, KMK3_MTP x5",155.0,0
BR 2607-059,2026-07-08,,300-A060,KMK : SMK Bandar Tenggara,"PAYMENT FOR KMK3_RUJ x25, KMK3_MTP x25",775.0,0
BR 2607-060,2026-07-08,,300-S145,EK : SMK Tun Tuah,PAYMENT FOR EK3_RUJ x39,1170.0,0
BR 2607-061,2026-07-08,,300-I024,PAM : SMK Tunku Abdul Rahman Putra (STAR),"PAYMENT FOR PA3_NOTA x25, PA3_MTP x25",1025.0,0
BR 2607-062,2026-07-08,,300-C007,PAM : SMK Munshi Abdullah,PAYMENT FOR PA3_NOTA x8,232.0,0
BR 2607-063,2026-07-08,OR03803,300-S030,SMK : SMK Canossian Convent Kluang,PAYMENT,1332.5,0
CR 2607-013,2026-07-08,OR03785,300-P011,GEO : SMK Tunku Abdul Rahman Putra (STAR),PAYMENT FOR GEO1_LEMB x60,1440.0,0
BR 2607-064,2026-07-08,,300-H093,EK : SMK Datuk Menteri,PAYMENT FOR EK1_LEMB x9,135.0,0
BR 2607-065,2026-07-08,,300-W011,KMK : SMK Seri Medan,"PAYMENT FOR KMK1_RUJ x4, KMK1_MTP x2",200.0,0
BR 2607-066,2026-07-08,,300-W011,KMK : SMK Seri Medan,"PAYMENT FOR KMK3_RUJ x8, KMK3_MTP x4",200.0,0
BR 2607-067,2026-07-08,,300-M038,SJH : SMK Raja Muda,PAYMENT FOR SJH3_MTP x3,36.0,0
BR 2607-068,2026-07-08,,300-N011,PAM : Maktab Sultan Abu Bakar,"PAYMENT FOR PA1_NOTA x26, PA1_MTP x26, PA1_ESEI x26",1898.0,0
BR 2607-069,2026-07-08,,300-N011,PAM : Maktab Sultan Abu Bakar,"PAYMENT FOR PA3_NOTA x26, PA3_MTP x26",1014.0,0
BR 2607-070,2026-07-08,,300-P014,PAM : SMK Dato Sulaiman,"PAYMENT FOR PA1_NOTA x7, PA1_MTP x7",329.0,0
BR 2607-071,2026-07-09,,300-T011,EK : SMK Aminuddin Baki,PAYMENT FOR EK3_RUJ x17,510.0,0
BR 2607-072,2026-07-09,,300-A022,BM : SMK Mutiara Rini,PAYMENT FOR BM1_MTP x42,500.0,0
BR 2607-073,2026-07-09,,300-A022,BM : SMK Mutiara Rini,PAYMENT FOR BM1_MTP x17,208.0,0
BR 2607-074,2026-07-09,,300-S261,SJH : SMK Dato Penggawa Timur,PAYMENT FOR SJH1_MTP x128,1280.0,0
BR 2607-075,2026-07-09,,300-C001,RETAIL,PAYMENT,114.0,0
BR 2607-076,2026-07-09,,300-A102,EK : SMK Johor Jaya 1,PAYMENT FOR EK1_LEMB x66,990.0,0
BR 2607-077,2026-07-09,,300-M017,EK : SMK Tunku Abdul Rahman Putra (STAR),PAYMENT FOR EK3_RUJ x27,810.0,0
BR 2607-078,2026-07-09,,300-A012,PAM : SMK Tasek Utara,PAYMENT FOR PA1_NOTA x58,2030.0,0
BR 2607-079,2026-07-09,,300-F039,PAM : SMK Aminuddin Baki,"PAYMENT FOR PA1_NOTA x20, PA1_MTP x20",940.0,0
BR 2607-080,2026-07-09,,300-M087,MUET : SMK Datuk Bendahara,PAYMENT FOR MUET_THEMA x10,380.0,0
BR 2607-081,2026-07-09,,300-E021,EK : SMK Ungku Husin,PAYMENT FOR EK3_RUJ x2,60.0,0
BR 2607-082,2026-07-09,OR03786,300-S082,SMK : SMK Aminuddin Baki,PAYMENT,464.0,0
CR 2607-014,2026-07-09,OR03787,300-L003,BM : SMK Pasir Gudang 2,PAYMENT FOR BM2_NOTA x10,120.0,0
CR 2607-015,2026-07-09,OR03804,300-W005,PAM : SMK Skudai,"PAYMENT FROM CG LIYANA FOR PA1_NOTA x21, PA1_MTP x21, PA1_ESEI x21",1575.0,0
CR 2607-016,2026-07-09,OR03805,300-N093,PAM : SMK Mutiara Rini,"PAYMENT FOR PA1_NOTA x46, PA1_MTP x46, PA1_ESEI x46",3450.0,0
BR 2607-083,2026-07-09,OR03806,300-N093,PAM : SMK Mutiara Rini,"PAYMENT FOR PA1_NOTA x41, PA1_MTP x41, PA1_ESEI x40",3000.0,0
CR 2607-017,2026-07-09,OR03808,300-F005,PAM : SMK Gelang Patah,"PAYMENT FROM CG NORLIDAH FOR PA1_NOTA x1, PA1_MTP x1, PA1_ESEI x1",75.0,0
BR 2607-084,2026-07-09,OR03809,300-S326,SMK : SMK Taman Molek,PAYMENT,560.0,0
BR 2607-085,2026-07-09,,300-P023,PP : SMK Bukit Gambir,"PAYMENT FOR PP1_MODUL x3, PP3_MTP x3",90.0,0
BR 2607-234,2026-07-09,OR03806,300-N093,PAM : SMK Mutiara Rini,"PAYMENT FOR PA1_NOTA x6, PA1_MTP x6, PA1_ESEI x6",497.0,0
BR 2607-086,2026-07-10,,300-A041,SJH : SMK Chaah,PAYMENT FOR SJH3_MTP x6,72.0,0
BR 2607-087,2026-07-10,,300-F005,PAM : SMK Gelang Patah,"PAYMENT FOR PA3_NOTA x19, PA3_MTP x19",779.0,0
BR 2607-088,2026-07-10,,300-A041,SJH : SMK Chaah,PAYMENT FOR SJH1_MTP x5,50.0,0
BR 2607-089,2026-07-10,,300-N114,PAM : SMKA Sultan Muhammad,PAYMENT FOR PA3_NOTA x11,319.0,0
BR 2607-090,2026-07-10,,300-A013,PAM : SMK Sultan Ibrahim,PAYMENT FOR PA1_NOTA x35,1225.0,0
BR 2607-091,2026-07-10,,300-Z008,PAM : SMK Tinggi Batu Pahat,"PAYMENT FROM CG JALINAH FOR PA2_NOTA x4, PA2_MTP x16, GRAF x16",392.0,0
BR 2607-092,2026-07-10,,300-S352,SJH : SMK Tun Perak,PAYMENT FOR SJH3_MTP x20,240.0,0
BR 2607-093,2026-07-10,,300-S352,SJH : SMK Tun Perak,PAYMENT FOR SJH3_MTP x4,48.0,0
BR 2607-094,2026-07-10,,300-M024,SJH : SMK Johor Jaya 1,PAYMENT FOR SJH1_MTP x83,830.0,0
BR 2607-095,2026-07-10,,300-P026,PSV: SMK Seri Mersing,PAYMENT FOR SV1_RUJ x10,325.0,0
BR 2607-096,2026-07-10,,300-A013,PAM : SMK Sultan Ibrahim,PAYMENT FOR PA1_NOTA x37,1295.0,0
CR 2607-018,2026-07-10,OR03810,300-M061,PP : SMK Tun Dr Ismail (STUDI),PAYMENT FOR PP1_MTP x2,20.0,0
CR 2607-019,2026-07-10,OR03811,300-T013,EK : SMK Tinggi Batu Pahat,PAYMENT FOR EK3_RUJ x46,1380.0,0
CR 2607-020,2026-07-10,OR03788,300-H020,PAM : SMK Munshi Ibrahim,"PAYMENT FOR PA1_NOTA x12, PA1_MTP x12",564.0,0
CR 2607-021,2026-07-10,OR03789,300-Y012,PAM : SMK Munshi Ibrahim,"PAYMENT FOR PA1_NOTA x18, PA1_MTP x18",846.0,0
CR 2607-022,2026-07-10,OR03790,300-N035,GEO : SMK Dato Bentara Dalam,"PAYMENT FOR GEO1_LEMB x14, GEO1_MTP x21",567.0,0
BR 2607-097,2026-07-10,OR03791,300-S315,SMK : SMK Tinggi Segamat,PAYMENT,1598.5,0
BR 2607-098,2026-07-10,,300-H006,PAM : SMK Aminuddin Baki,"PAYMENT FOR PA3_NOTA x17, PA3_MTP x17",697.0,0
BR 2607-100,2026-07-10,,300-Y015,Yoon Shen (Segamat) Sdn Bhd.,PAYMENT,110.0,0
BR 2607-145,2026-07-10,,300-S213,SJH : SMK Dato Bentara Dalam,PAYMENT FOR SJH3_MTP x11,132.0,0
BR 2607-169,2026-07-10,,300-P026,PSV: SMK Seri Mersing,PAYMENT FOR SV1_RUJ x1,27.0,0
BR 2607-101,2026-07-13,,300-M086,MUET : SMK Sri Kukup,PAYMENT FOR MUET_THEMA x15,570.0,0
BR 2607-102,2026-07-13,,300-S185,SJH : SMK Agama Segamat,PAYMENT FOR SJH1_MTP x50,500.0,0
BR 2607-103,2026-07-13,,300-S185,SJH : SMK Agama Segamat,PAYMENT FOR SJH1_MTP x34,408.0,0
BR 2607-104,2026-07-13,,300-M087,MUET : SMK Datuk Bendahara,PAYMENT FOR MUET_THEMA x21,798.0,0
BR 2607-105,2026-07-13,,300-A070,PAM : SMK Tunku Abdul Rahman Putra (STAR),"PAYMENT FOR PA1_NOTA x29, PA1_MTP x29, PA1_ESEI x29",2175.0,0
BR 2607-106,2026-07-13,,300-P024,PP : SMK Seri Medan,PAYMENT FOR PP1_MTP x17,170.0,0
BR 2607-107,2026-07-13,,300-A130,SJH : SMK Tinggi Batu Pahat,PAYMENT FOR SJH1_MTP x20,200.0,0
BR 2607-108,2026-07-14,,300-M081,KIMIA : SMK Tinggi Batu Pahat,PAYMENT FOR KIMIA1_TOP x10,200.0,0
BR 2607-109,2026-07-14,,300-W006,BIO : Maktab Sultan Abu Bakar,"PAYMENT FOR BIO1_TOP x6, BIO1_MTP x6, BIO3_RUJ x9, BIO3_TOP x20",1140.0,0
BR 2607-110,2026-07-14,,300-C001,RETAIL,PAYMENT,355.5,0
BR 2607-111,2026-07-14,,300-K084,KMK : SMK Tunku Abdul Rahman Putra (STAR),"PAYMENT FOR KMK3_RUJ x30, KMK3_MTP x30",930.0,0
BR 2607-112,2026-07-14,,300-N011,PAM : Maktab Sultan Abu Bakar,"PAYMENT FOR PA3_NOTA x27, PA3_MTP x27",1053.0,0
CR 2607-023,2026-07-14,OR03792,300-M015,SJH : SMK Sultan Alauddin,PAYMENT FOR SJH1_MTP x35,350.0,0
CR 2607-024,2026-07-14,OR03793,300-R025,EK : SMK Sultan Alauddin,PAYMENT FOR EK1_LEMB x14,210.0,0
BR 2607-114,2026-07-14,OR03812,300-S199,SMK : SMK Damai Jaya,PAYMENT,368.0,0
BR 2607-240,2026-07-14,,300-O003,KIMIA : SMK Tinggi Segamat,PAYMENT FOR KIMIA1_TOP x7,140.0,0
BR 2607-113,2026-07-15,,300-M009,AKAUN : SMK Pasir Gudang 2,PAYMENT FOR AKAUN1_RUJ x23,828.0,0
BR 2607-115,2026-07-15,,300-A013,PAM : SMK Sultan Ibrahim,PAYMENT FOR PA1_NOTA x1,35.0,0
BR 2607-116,2026-07-15,,300-A013,PAM : SMK Sultan Ibrahim,PAYMENT FOR PA1_NOTA x1,35.0,0
BR 2607-117,2026-07-15,,300-A013,PAM : SMK Sultan Ibrahim,"PAYMENT FOR PA3_NOTA x12, PA3_MTP x12",492.0,0
BR 2607-118,2026-07-15,,300-S093,PAM : SMK Agama Segamat,"PAYMENT FOR PA1_NOTA x50, PA1_MTP x50",2350.0,0
BR 2607-119,2026-07-15,,300-A013,PAM : SMK Sultan Ibrahim,"PAYMENT FOR PA3_NOTA x16, PA3_MTP x16",656.0,0
BR 2607-120,2026-07-15,,300-S302,GEO : SMK Tun Syed Zahiruddin,PAYMENT FOR GEO1_MTP x5,55.0,0
BR 2607-121,2026-07-15,,300-H029,PAM : SMK Munshi Abdullah,"PAYMENT FOR PA1_NOTA x10, PA1_MTP x10",470.0,0
BR 2607-122,2026-07-15,,300-H029,PAM : SMK Munshi Abdullah,"PAYMENT FOR PA1_NOTA x10, PA1_MTP x10",470.0,0
BR 2607-123,2026-07-15,,300-N128,BM : SMK Johor Jaya 1,PAYMENT FOR BM1_MTP x34,408.0,0
BR 2607-124,2026-07-15,,300-S236,SJH : SMK Dato Sulaiman,PAYMENT FOR SJH1_MTP x9,90.0,0
CR 2607-025,2026-07-15,OR03794,300-K018,KOP : Koperasi Kolej Tingkatan 6 Tun Fatimah (KUNTUM),"PAYMENT FOR PA3_NOTA x150, PA3_MTP x100, KMK3_RUJ x15, KMK3_MTP x30, KMK1_MTPx10",6315.0,0
CR 2607-026,2026-07-15,OR03795,300-M023,SJH : SMK Parit Bunga,PAYMENT FOR SJH1_MTP x5,50.0,0
CR 2607-027,2026-07-15,OR03796,300-H017,PAM : SMK Parit Bunga,PAYMENT FOR PA1_NOTA x19,665.0,0
CR 2607-028,2026-07-15,OR03813,300-Z012,KMK : SMK Semerah,"PAYMENT FOR KMK3_RUJ x6, KMK3_MTP x6",186.0,0
CR 2607-029,2026-07-15,OR03814,300-A067,KMK : SMK Pekan Baru,"PAYMENT FOR KMK2_RUJ x11, KMK2_MTP x9",566.0,0
BR 2607-127,2026-07-15,,300-A082,SJH : SMJK Pulau Sebang,PAYMENT FOR SJH1_MTP x11,110.0,0
BR 2607-125,2026-07-16,,300-H047,SJH : SMK Semerah,"PAYMENT FOR SJH1_MTP x11, SJH3_MTP x16",302.0,0
BR 2607-126,2026-07-16,,300-N063,GKT : SMK Kangkar Pulai,PAYMENT FOR GKT5 x14,400.0,0
BR 2607-128,2026-07-16,,300-S262,SJH : SMK Pasir Gudang 2,"PAYMENT FOR SJH1_MTP x24, SJH3_MTP x23",516.0,0
BR 2607-129,2026-07-16,,300-R017,KMK : SMK (P) Sultan Abu Bakar,"PAYMENT FOR KMK3_RUJ x5, KMK3_MTP x5",155.0,0
BR 2607-130,2026-07-16,,300-M054,PAM : SMK Johor Jaya 1,PAYMENT FOR PA1_NOTA x28,980.0,0
BR 2607-131,2026-07-16,,300-M054,PAM : SMK Johor Jaya 1,PAYMENT FOR PA3_NOTA x50,1450.0,0
BR 2607-132,2026-07-16,,300-L008,GKT : SMK Tun Fatimah Hashim,PAYMENT FROM CG DINA FOR GKT4 x2,68.0,0
CR 2607-030,2026-07-16,OR03797,300-S291,PP : SMK Tun Ismail,PAYMENT FOR GRAF x50,200.0,0
CR 2607-031,2026-07-16,OR03798,300-A077,GKT : SMK Datuk Menteri,"PAYMENT FOR GKT4 x24, GKT5 x8",1056.0,0
CR 2607-032,2026-07-16,OR03799,300-N007,GKT : SMK Seri Lalang,PAYMENT FOR GKT4 x5,170.0,0
BR 2607-133,2026-07-16,OR03800,300-S003,SMK : SM Sains Sembrong,PAYMENT,2006.5,0
BR 2607-134,2026-07-16,OR03851,300-S003,SMK : SM Sains Sembrong,PAYMENT,3627.0,0
BR 2607-135,2026-07-16,OR03853,300-S050,SMK : SMK Dato' Ibrahim Majid,PAYMENT,1738.0,0
CR 2607-033,2026-07-16,OR03815,300-Y005,PSV : SMK Benut,PAYMENT FOR SV1_RUJ x13,416.0,0
BR 2607-136,2026-07-16,OR03816,300-S024,SMK : SMK Tan Sri Osman Mohd Sa'at,PAYMENT,2400.0,0
CR 2607-034,2026-07-16,OR03818,300-Y010,PAM : SMK Dato Mohd Yunos Sulaiman,"PAYMENT FOR PA1_NOTA x28, PA1_MTP x28",1316.0,0
CR 2607-035,2026-07-16,OR03819,300-C001,RETAIL,PAYMENT,79.0,0
CR 2607-036,2026-07-16,OR03820,300-N116,PAM : SMK Dato Mohd Yunos Sulaiman,"PAYMENT FOR PA1_NOTA x1, PA1_MTP x1",47.0,0
BR 2607-137,2026-07-16,OR03821,300-S310,SMK : SMK Pulai Jaya,PAYMENT,3238.0,0
BR 2607-141,2026-07-16,,300-H038,GKT : SMK Damai Jaya,"PAYMENT FOR GKT4 x18, GKT5 x17",1122.0,0
BR 2607-251,2026-07-16,,300-K050,KOP : Koperasi Kolej Vokasional Muar,PAYMENT FOR KV_ARAB1 x56,952.0,0
BR 2607-138,2026-07-17,,300-S341,PAM : SMK Tinggi Batu Pahat,PAYMENT FOR PA1_NOTA x6,210.0,0
CR 2607-037,2026-07-17,,300-S341,PAM : SMK Tinggi Batu Pahat,PAYMENT FOR PA1_NOTA x9,315.0,0
CR 2607-038,2026-07-17,,300-Z008,PAM : SMK Tinggi Batu Pahat,PAYMENT FOR PA3_NOTA x25,725.0,0
BR 2607-139,2026-07-17,,300-C001,RETAIL,PAYMENT,342.8,0
BR 2607-140,2026-07-17,,300-O002,SJH : Kolej Tingkatan 6 Tun Fatimah (KUNTUM),"PAYMENT FOR SJH1_MTP x25, SJH3_MTP x12",394.0,0
BR 2607-142,2026-07-17,,300-A016,PAM : SMK Sultan Abdul Jalil (SSAJ),"PAYMENT FOR PA1_NOTA x21, PA1_MTP x21",987.0,0
BR 2607-143,2026-07-17,,300-N022,EK : SMK Sri Kukup,PAYMENT FOR EK3_RUJ x8,240.0,0
BR 2607-144,2026-07-17,,300-N113,PAM : SMKA Sharifah Rodziah,"PAYMENT FOR PA3_NOTA x22, PA3_MTP x22",902.0,0
BR 2607-146,2026-07-17,,300-H001,GKT : SMK Telok Mas,"PAYMENT FOR GKT5 x11, SPM x11",605.0,0
CR 2607-039,2026-07-17,OR03854,300-Z029,EK : SMK Tun Perak,PAYMENT FOR EK1_LEM x14,210.0,0
CR 2607-040,2026-07-17,OR03855,300-R045,PP : SMK Tun Perak,PAYMENT FOR PP1_MTP x33,330.0,0
CR 2607-041,2026-07-17,OR03856,300-H016,PAM : SMK Tun Perak,PAYMENT FOR PA1_NOTA x13,455.0,0
CR 2607-042,2026-07-17,OR03857,300-N124,BM : SMK Tun Perak,"PAYMENT FOR BM1_NOTA x18, BM1_MTP x18",540.0,0
CR 2607-043,2026-07-17,OR03858,300-M073,BM : SMK Tun Perak,"PAYMENT FOR BM1_NOTA x17, BM1_MTP x17",510.0,0
BR 2607-147,2026-07-17,OR03859,300-S051,SMK : SMK (P) Sultan Abu Bakar,PAYMENT,4003.2,0
BR 2607-148,2026-07-17,OR03860,300-S045,SMK : SMK Dato Onn,PAYMENT,1068.5,0
BR 2607-149,2026-07-17,OR03822,300-S047,SMK : SMK Munshi Ibrahim,PAYMENT,2002.5,0
BR 2607-150,2026-07-17,,300-N150,ARAB : SMKA Sharifah Rodziah,PAYMENT FOR ARAB3_LEMB x22,950.0,0
BR 2607-155,2026-07-17,,300-J013,BM : SMK Munshi Ibrahim,"PAYMENT FOR BM1_NOTA X 15, BM1_MTP X15",450.0,0
BR 2607-172,2026-07-17,,300-M076,EK : SMK Tun Ismail,PAYMENT FOR EK3_RUJ x9,270.0,0
BR 2607-175,2026-07-17,,300-W011,KMK : SMK Seri Medan,"PAYMENT FOR KMK1_RUJ x4, KMK1_MTP x2",200.0,0
BR 2607-176,2026-07-17,,300-W011,KMK : SMK Seri Medan,"PAYMENT FOR KMK3_RUJ x8, KMK3_MTP x4",200.0,0
BR 2607-250,2026-07-17,,300-K019,KOP : Koperasi SMK Tinggi Melaka,PAYMENT FOR KIMIA1_TOP x5,100.0,0
BR 2607-257,2026-07-17,,300-S216,SMK : SMK Senai,PAYMENT,2361.0,0
BR 2607-151,2026-07-18,,300-P014,PAM : SMK Dato Sulaiman,"PAYMENT FOR PA3_NOTA x20, PA3_MTP x20",820.0,0
BR 2607-152,2026-07-18,,300-M048,Mybotic,PAYMENT,4199.76,0
BR 2607-153,2026-07-18,,300-M048,Mybotic,PAYMENT,1255.9,0
BR 2607-163,2026-07-18,,300-Z001,GKT : SMK Taman Pelangi Indah,"PAYMENT FOR GKT4 x15, GKT5 x13",900.0,0
BR 2607-177,2026-07-18,,300-K031,SJH : SMK Tinggi Segamat,PAYMENT FOR SJH3_MTP x18,216.0,0
BR 2607-235,2026-07-18,,300-C001,RETAIL,PAYMENT,102.7,0
BR 2607-236,2026-07-18,,300-C001,RETAIL,PAYMENT,18.0,0
BR 2607-165,2026-07-19,,300-F005,PAM : SMK Gelang Patah,"PAYMENT FROM CG NORLIDAH FOR PA3_NOTA x18, PA3_MTP x18",738.0,0
BR 2607-178,2026-07-19,,300-N158,AKAUN : SMK Munshi Abdullah,PAYMENT FOR AKAUN3_RUJ x22,748.0,0
BR 2607-154,2026-07-20,,300-F054,MUET : SMK Tun Habab,PAYMENT FOR MUET_MTP x50,1250.0,0
BR 2607-156,2026-07-20,,300-C001,RETAIL,PAYMENT FOR A3 FOLDER POCKET FILE X10,180.0,0
BR 2607-157,2026-07-20,,300-N141,AKAUN : SMK Tinggi Melaka,PAYMENT FOR AKAUN3_RUJ x20,680.0,0
BR 2607-158,2026-07-20,,300-S307,SMK : SMK Seri Mersing,PAYMENT,437.0,0
BR 2607-159,2026-07-20,OR03823,300-S061,SMK : SMK Senggarang,PAYMENT,1530.4,0
BR 2607-160,2026-07-20,OR03861,300-S052,SMK : SMK Sultan Alaudin Riayat Shah 1  (SARSI),PAYMENT,1903.5,0
BR 2607-161,2026-07-20,OR03862,300-S334,SMK : SMKA Pagoh,PAYMENT,1394.0,0
CR 2607-045,2026-07-20,OR03863,300-T007,BM : SMK Bukit Gambir,PAYMENT FROM CG HAFIZAH FOR BM2_MTP x17,204.0,0
CR 2607-046,2026-07-20,OR03864,300-J010,PAM : SMK Tun Syed Zahiruddin,PAYMENT FOR PA1_NOTA x62,2170.0,0
BR 2607-179,2026-07-20,,300-R086,SRA : SMKA Sharifah Rodziah,PAYMENT FOR SYARIAH1_LEMB x10,280.0,0
BR 2607-180,2026-07-20,,300-I007,EK : SMK Labis,PAYMENT FOR EK3_RUJ x15,450.0,0
BR 2607-181,2026-07-20,,300-F023,PSV : SMK Dato Sulaiman,PAYMENT FOR SV1_RUJ x26,832.0,0
BR 2607-258,2026-07-20,,300-S019,SMK : SMK Jln Mengkibol,PAYMENT,560.0,0
BR 2607-164,2026-07-21,,300-L009,PAM : SMK Seri Tanjung,"PAYMENT FROM CG DAHLIA FOR PA1_NOTA x20, PA1_MTP x20",940.0,0
BR 2607-166,2026-07-21,,300-Z019,KMK : SMK Iskandar Shah,"PAYMENT FOR KMK1_RUJ x10, KMK1_MTP x10",560.0,0
BR 2607-167,2026-07-21,,300-A086,PSV : SMK Tun Syed Zahiruddin,PAYMENT FOR 20PCS A3 MOUNTING BOARD,48.0,0
BR 2607-170,2026-07-21,,300-H007,PAM : SMJK Seg Hwa,"PAYMENT FOR PA1_NOTA x7, PA1_MTP x8",341.0,0
BR 2607-171,2026-07-21,,300-S345,SJH : SMK Skudai,PAYMENT FOR SJH1_MTP x54,540.0,0
BR 2607-182,2026-07-21,,300-M039,PAM : SMK Sultan Alauddin,"PAYMENT FOR PA1_NOTA x20, PA1_MTP x20",940.0,0
BR 2607-183,2026-07-21,,300-M039,PAM : SMK Sultan Alauddin,"PAYMENT FOR PA3_NOTA x19, PA3_MTP x9",659.0,0
BR 2607-184,2026-07-21,,300-S354,SUKAN : SMK Sultan Abdul Jalil (SSAJ),PAYMENT FOR SUKAN3_MODUL x17,476.0,0
CR 2607-047,2026-07-22,OR03865,300-R045,PP : SMK Tun Perak,PAYMENT FOR PP1_MTP x25,250.0,0
BR 2607-162,2026-07-22,OR03866,300-S018,SMK : SMK Raja Muda,PAYMENT,1377.0,0
BR 2607-168,2026-07-22,OR03824,300-S332,SMK : SMK Impian Emas,PAYMENT,1995.0,0
BR 2607-173,2026-07-22,,300-N004,GKT : SMK Dato Onn,PAYMENT FOR GKT4 x20,680.0,0
BR 2607-174,2026-07-22,,300-N010,PAM : SMK Aminuddin Baki,"PAYMENT FOR PA3_NOTA x11, PA3_MTP x11",451.0,0
BR 2607-185,2026-07-22,,300-H080,PP : SMK Dato Mohd Yunos Sulaiman,"PAYMENT FOR PP1_MODUL x10, PP1_MTP x12",320.0,0
BR 2607-186,2026-07-22,,300-S093,PAM : SMK Agama Segamat,"PAYMENT FOR PA3_NOTA x34, PA3_MTP x34",1394.0,0
BR 2607-187,2026-07-22,,300-M087,MUET : SMK Datuk Bendahara,PAYMENT FOR MUET_THEMA x1,38.0,0
BR 2607-188,2026-07-22,,300-S305,SMK : SMK Maokil,PAYMENT,1770.0,0
BR 2607-190,2026-07-22,,300-A025,SJH : SMK Bandar Tenggara,PAYMENT FOR SJH3_MTP x15,180.0,0
BR 2607-191,2026-07-22,,300-C001,RETAIL,PAYMENT FOR A2 BOARD,94.8,0
BR 2607-192,2026-07-22,,300-N008,GKT : SMK Sungai Abong,"PAYMENT FOR GKT4 x25, GKT5 x25",960.0,0
BR 2607-229,2026-07-22,OR03359,300-C001,RETAIL,PAYMENT FOR CANVAS_9090 x2,120.0,0
BR 2607-252,2026-07-22,OR03361,300-W005,PAM : SMK Skudai,"PAYMENT FROM CG LYANA FOR PA1_NOTA x69, PA1_MTP x70, PA1_ESEI x15",3675.0,0
CR 2607-072,2026-07-22,,300-C001,RETAIL,PAYMENT,79.0,0
BR 2607-189,2026-07-23,OR03867,300-T015,KIMIA : SMJK Seg Hwa,PAYMENT FOR KIMIA1_TOP x2,40.0,0
CR 2607-048,2026-07-23,OR03868,300-K031,SJH : SMK Tinggi Segamat,PAYMENT FOR SJH1_MTP x28,280.0,0
CR 2607-049,2026-07-23,OR03869,300-N035,GEO : SMK Dato Bentara Dalam,PAYMENT FOR GEO1_LEMB x7,168.0,0
CR 2607-050,2026-07-23,OR03870,300-P017,PAM : SMK Dato Bentara Dalam,PAYMENT FOR PA1_NOTA x13,455.0,0
CR 2607-051,2026-07-23,OR03871,300-I011,PAM : SMK Dato Seth,"PAYMENT FOR PA1_NOTA x31, PA1_MTP x31",1457.0,0
CR 2607-052,2026-07-23,OR03825,300-Y005,PSV : SMK Benut,PAYMENT,304.0,0
CR 2607-053,2026-07-23,OR03826,300-Y010,PAM : SMK Dato Mohd Yunos Sulaiman,"PAYMENT FOR PA3_NOTA x14, PA3_MTP x14",574.0,0
CR 2607-054,2026-07-23,OR03827,300-K081,MUET : SMK Dato Mohd Yunos Sulaiman,PAYMENT FROM CG NURUL IZZA FOR MUET_THEMA x26,988.0,0
CR 2607-055,2026-07-23,OR03828,300-K081,MUET : SMK Dato Mohd Yunos Sulaiman,PAYMENT FOR MUET_THEMA x27,1026.0,0
CR 2607-056,2026-07-23,OR03829,300-N019,PAM : SMK Dato Mohd Yunos Sulaiman,"PAYMENT FOR PA1_NOTA x20, PA1_MTP x20, PA1_ESEI x20",1500.0,0
BR 2607-193,2026-07-23,,300-H007,PAM : SMJK Seg Hwa,"PAYMENT FOR PA3_NOTA x6, PA3_MTP x6",246.0,0
BR 2607-194,2026-07-23,,300-A020,PSV: SMK Tinggi Kluang,PAYMENT FOR SV1_RUJ x15,480.0,0
BR 2607-195,2026-07-23,,300-H020,PAM : SMK Munshi Ibrahim,PAYMENT FOR PA1_NOTA x6,210.0,0
BR 2607-196,2026-07-23,,300-H084,BM : SMK Dato Sulaiman,PAYMENT FOR BM1_MTP x26,312.0,0
BR 2607-197,2026-07-23,,300-S261,SJH : SMK Dato Penggawa Timur,PAYMENT FOR SJH3_MTP x87,1044.0,0
BR 2607-198,2026-07-23,,300-K081,MUET : SMK Dato Mohd Yunos Sulaiman,PAYMENT FOR MUET_THEMA x11,418.0,0
BR 2607-199,2026-07-23,,300-N036,EK : SMK Laksamana,PAYMENT FOR EK3_RUJ x19,570.0,0
BR 2607-200,2026-07-23,,300-P017,PAM : SMK Dato Bentara Dalam,PAYMENT FOR PA3_NOTA x13,377.0,0
BR 2607-201,2026-07-23,,300-A141,SRA : SMK Bandar Tenggara,PAYMENT FOR SYARIAH1_LEMB x12,336.0,0
BR 2607-202,2026-07-23,,300-I028,SJH : SMK Sultan Alaudin Riayat Shah 1  (SARSI),PAYMENT FOR SJH1_MTP x42,420.0,0
BR 2607-203,2026-07-23,,300-N148,EK : SMK Munshi Abdullah,PAYMENT FOR EK3_RUJ x47,1410.0,0
BR 2607-204,2026-07-23,,300-A013,PAM : SMK Sultan Ibrahim,"PAYMENT FOR PA3_NOTA x14, PA3_MTP x14",574.0,0
BR 2607-205,2026-07-23,,300-A013,PAM : SMK Sultan Ibrahim,"PAYMENT FOR PA3_NOTA x1, PA3_MTP x1",41.0,0
BR 2607-206,2026-07-23,,300-A024,PSV : SMK (P) Temenggong Ibrahim (TIGS),PAYMENT FOR SV1_RUJ x5,160.0,0
BR 2607-207,2026-07-23,,300-C001,RETAIL,PAYMENT FOR A2 BOARD,474.0,0
BR 2607-208,2026-07-23,,300-N033,GEO : SMK Labis,PAYMENT FOR GEO1_LEMB x10,240.0,0
BR 2607-209,2026-07-23,,300-N050,BM : SMK Labis,"PAYMENT FOR BM1_NOTA x8, BM1_MTP x8",240.0,0
BR 2607-210,2026-07-23,,300-A136,SRA : SMKA Sultan Muhammad,PAYMENT FOR SYARIAH1_LEMB x26,728.0,0
BR 2607-211,2026-07-23,,300-M054,PAM : SMK Johor Jaya 1,PAYMENT FOR PA3_NOTA x50,1450.0,0
BR 2607-212,2026-07-23,,300-A013,PAM : SMK Sultan Ibrahim,"PAYMENT FOR PA3_NOTA x32, PA3_MTP x32",1312.0,0
BR 2607-213,2026-07-23,OR02800,300-M082,PAM : SMK Dato Penggawa Timur,PAYMENT FROM CG RAHMAH FOR PA1_NOTA x5,175.0,0
BR 2607-214,2026-07-23,OR02799,300-M082,PAM : SMK Dato Penggawa Timur,PAYMENT FROM CG RAHMAH FOR PA3_NOTA x9,261.0,0
BR 2607-215,2026-07-23,OR03357,300-Z023,PAM : SMK Gajah Berang,PAYMENT FROM CG NG PECK KUAN FOR PA3_NOTA x22,638.0,0
BR 2607-216,2026-07-23,OR03358,300-Z032,SJH : SMK Tun Ismail,PAYMENT FROM CG RUHANI FOR SJH2_MTP x3,48.0,0
BR 2607-217,2026-07-23,,300-A070,PAM : SMK Tunku Abdul Rahman Putra (STAR),"PAYMENT FOR PA3_NOTA x29, PA3_MTP x29",1189.0,0
BR 2607-218,2026-07-23,,300-A070,PAM : SMK Tunku Abdul Rahman Putra (STAR),PAYMENT FOR PA1_NOTA x1,35.0,0
BR 2607-219,2026-07-23,,300-N016,SJH : SMK Tunku Abdul Rahman Putra (STAR),PAYMENT FOR SJH1_MTP x50,500.0,0
BR 2607-220,2026-07-23,,300-N016,SJH : SMK Tunku Abdul Rahman Putra (STAR),PAYMENT FOR SJH1_MTP x25,250.0,0
BR 2607-221,2026-07-23,,300-N016,SJH : SMK Tunku Abdul Rahman Putra (STAR),PAYMENT FOR SJH3_MTP x29,348.0,0
BR 2607-222,2026-07-23,,300-A004,GKT : SMK Dato Jaafar,PAYMENT FOR GKT5 x9,270.0,0
BR 2607-223,2026-07-23,,300-F015,PAM : SMK Raja Muda,PAYMENT FOR PA1_ESEI x38,1064.0,0
BR 2607-224,2026-07-23,,300-A011,GKT : SMK Seri Jementah,PAYMENT FOR GKT5 x6,180.0,0
BR 2607-228,2026-07-23,,300-H020,PAM : SMK Munshi Ibrahim,"PAYMENT FOR PA3_NOTA x9, PA3_MTP x9",370.0,0
BR 2607-233,2026-07-23,,300-M083,MUET : SMK Bandar Easter,PAYMEN FOR MUET_MTP x30,750.0,0
BR 2607-253,2026-07-23,,300-N011,PAM : Maktab Sultan Abu Bakar,"PAYMENT FOR PA3_NOTA x27, PA3_MTP x27",1053.0,0
BR 2607-254,2026-07-23,,300-J027,PAM : SMK Tunku Abdul Rahman Putra (STAR),"PAYMENT FOR PA3_NOTA x31, PA3_MTP x31",1271.0,0
BR 2607-255,2026-07-23,,300-A137,MUET : SMK Tun Hussein Onn,PAYMENT FOR MUET_THEMA x45,1710.0,0
BR 2607-256,2026-07-23,,300-J027,PAM : SMK Tunku Abdul Rahman Putra (STAR),"PAYMENT FOR PA1_NOTA x35, PA1_MTP x35, PA1_ESEI x35",2625.0,0
BR 2607-225,2026-07-24,,300-F027,BM : SMK Bandar Tenggara,PAYMENT FOR BM1_MTP x47,564.0,0
BR 2607-226,2026-07-24,,300-S219,EK : SMK Tinggi Segamat,PAYMENT FOR EK3_RUJ x40,1200.0,0
BR 2607-227,2026-07-24,,300-N063,GKT : SMK Kangkar Pulai,PAYMENT FOR GKT5 x3,93.0,0
CR 2607-057,2026-07-24,OR03873,300-A038,SJH : SMK Munshi Sulaiman,PAYMENT FOR SJH1_MTP x12,120.0,0
CR 2607-058,2026-07-24,OR03874,300-K029,PAM : SMK Munshi Sulaiman,"PAYMENT FOR PA1_NOTA x20, PA1_MTP x32",1084.0,0
CR 2607-059,2026-07-24,OR03875,300-K029,PAM : SMK Munshi Sulaiman,"PAYMENT FOR PA3_NOTA x11, PA3_MTP x1",331.0,0
BR 2607-230,2026-07-24,OR03876,300-S084,SMK : SMK Dato Bentara Luar,PAYMENT,2929.0,0
BR 2607-231,2026-07-24,OR03877,300-S064,SMK : SMK Tunku Putra,PAYMENT,1259.7,0
BR 2607-232,2026-07-24,,300-N086,PAM : SMK Pekan Baru,PAYMENT FOR PA2_MTP x13,156.0,0
BR 2607-238,2026-07-24,OR03360,300-L009,PAM : SMK Seri Tanjung,"PAYMENT FROM CG TIAN FOR PA3_NOTA x8, PA3_MTP x8, PA1_NOTA x3, PA1_MTP x4",481.0,0
BR 2607-237,2026-07-25,,300-S249,EK : SMK Tun Habab,PAYMENT FOR EK3_RUJ x30,510.0,0
BR 2607-239,2026-07-25,,300-J032,PSV : SMK Dato Bentara Dalam,PAYMENT FOR CANVAS_9090 x3,160.0,0
BR 2607-241,2026-07-26,,300-N040,EK : SMK Skudai,PAYMENT FOR EK3_RUJ x40,1200.0,0
BR 2607-242,2026-07-26,,300-I019,GKT : SMK Mutiara Rini,"PAYMENT FOR GKT4 x10, +RM10",350.0,0
BR 2607-243,2026-07-26,,300-A054,GKT : SMK Taman Selesa Jaya,PAYMENT FOR MTP x11,275.0,0
BR 2607-244,2026-07-26,,300-N010,PAM : SMK Aminuddin Baki,"PAYMENT FOR PA1_NOTA x22, PA1_MTP x22",1034.0,0
BR 2607-245,2026-07-27,,300-R017,KMK : SMK (P) Sultan Abu Bakar,"PAYMENT FOR KMK3_RUJ x3, KMK3_MTP x3",93.0,0
BR 2607-246,2026-07-27,,300-R010,PAM : SMK Benut,"PAYMENT FOR PA1_NOTA x5, PA3_NOTA x11",494.0,0
BR 2607-247,2026-07-27,,300-K019,KOP : Koperasi SMK Tinggi Melaka,PAYMENT FOR PA3_NOTA x74,2146.0,0
BR 2607-248,2026-07-27,,300-A057,PAM : SMK Bandar Mas,"PAYMENT FOR PA1_NOTA x30, PA1_MTP x30",1410.0,0
BR 2607-249,2026-07-27,,300-S237,PAM : SMK Lubok China,"PAYMENT FOR PA1_NOTA x7, PA1_MTP x7, PA1_ESEI x14",721.0,0
CR 2607-060,2026-07-27,OR03830,300-R045,PP : SMK Tun Perak,PAYMENT FOR PP1_MTP x3,30.0,0
CR 2607-061,2026-07-27,OR03831,300-H016,PAM : SMK Tun Perak,PAYMENT FOR PA1_NOTA x4,140.0,0
CR 2607-062,2026-07-27,OR03833,300-H016,PAM : SMK Tun Perak,PAYMENT FOR PA3_MTP x19,228.0,0
CR 2607-063,2026-07-27,OR03832,300-H016,PAM : SMK Tun Perak,PAYMENT FOR PA1_MTP x15,180.0,0
BR 2607-259,2026-07-27,OR03834,300-S065,SMK : SMK Tengku Mahkota,PAYMENT,1239.5,0
BR 2607-260,2026-07-27,,300-F044,BM : SMK Tun Ismail,PAYMENT FOR BM1_NOTA x17,306.0,0
BR 2607-261,2026-07-27,,300-R006,PAM : SMK Pasir Gudang 2,"PAYMENT FROM CG HAIRANI FOR PA2_NOTA x18, GRAF x6",636.0,0
BR 2607-262,2026-07-27,,300-P015,PAM : SMK Datuk Bendahara,"PAYMENT FOR PA1_NOTA x32, PA1_MTP x32",1504.0,0
CR 2607-064,2026-07-27,OR03878,300-M016,BM : SMK Tun Tuah,"PAYMENT FOR BM1_NOTA x25, BM1_MTP x25",750.0,0
CR 2607-065,2026-07-27,OR03879,300-O005,MUET : SMK Tinggi Melaka,"PAYMENT FOR MUET_THEMA x7, MUET_MTP x5",391.0,0
BR 2607-263,2026-07-27,OR03880,300-K044,KV : Kolej Vokasional Batu Pahat,PAYMENT,3920.0,0
BR 2607-264,2026-07-27,OR03882,300-S171,SMK : SMK Tinggi Batu Pahat,PAYMENT,924.0,0
BR 2607-265,2026-07-28,,300-B014,BM : SMK Bandar Mas,PAYMENT FOR BM1_MTP x19,228.0,0
BR 2607-266,2026-07-28,OR03363,300-R006,PAM : SMK Pasir Gudang 2,"PAYMENT FROM CG HAIRANI FOR PA2_NOTA x2, GRAF x14",124.0,0
BR 2607-267,2026-07-28,,300-Z013,SJH : SMK Datin Onn Jaafar,PAYMENT FOR SJH1_MTP x20,200.0,0
BR 2607-268,2026-07-28,,300-Z013,SJH : SMK Datin Onn Jaafar,PAYMENT FOR SJH3_MTP x8,96.0,0
BR 2607-269,2026-07-28,,300-N157,MUET : SMK Parit Bunga,PAYMENT FOR MUET_THEMA x19,722.0,0
BR 2607-270,2026-07-28,,300-S346,AKAUN : SMK Tun Tuah,PAYMENT FOR AKAUN3_RUJ x23,782.0,0
BR 2607-271,2026-07-28,,300-B013,BIO : SMK Sultan Ibrahim,PAYMENT FOR BIO3_TOP x6,144.0,0
BR 2607-272,2026-07-28,,300-M009,AKAUN : SMK Pasir Gudang 2,PAYMENT FOR AKAUN3_RUJ x10,340.0,0
CR 2607-066,2026-07-28,OR03835,300-M086,MUET : SMK Sri Kukup,PAYMENT FOR MUET_THEMA x10,380.0,0
CR 2607-067,2026-07-28,OR03836,300-S288,PAM : SMK Tunku Abdul Rahman Putra (STAR),"PAYMENT FOR PA1_NOTA x28, PA1_MTP x11, PA1_ESEI x21",1700.0,0
CR 2607-068,2026-07-28,OR03837,300-S288,PAM : SMK Tunku Abdul Rahman Putra (STAR),"PAYMENT FOR PA3_NOTA x6, PA3_MTP x13",330.0,0
CR 2607-069,2026-07-28,OR03884,300-N107,GKT : SMK Pasir Gudang 2,"PAYMENT FOR GKT4 x16, GKT5 x24, SPM x1",1289.0,0
BR 2607-273,2026-07-28,OR03886,300-S266,SMK : SMK Taman Pelangi,PAYMENT,2299.3,0
BR 2607-274,2026-07-28,OR03887,300-S263,SMK : SMK Bandar Baru Uda,PAYMENT,2810.0,0
BR 2607-275,2026-07-28,OR03364,300-R010,PAM : SMK Benut,PAYMENT FROM CG FADAK FOR PA3_NOTA x17,493.0,0
BR 2607-276,2026-07-28,,300-Y016,AKAUN : Kolej Tingkatan 6 Tun Fatimah (KUNTUM),PAYMENT FOR AKAUN3_RUJ x9,306.0,0
BR 2607-278,2026-07-28,,300-D007,PAM : SMK Dato Jaafar,"PAYMENT FOR PA3_NOTA x86, PA3_MTP x86",3526.0,0
BR 2607-281,2026-07-28,,300-E024,EK : SMK Seri Tanjung,PAYMENT FOR EK3_RUJ x8,250.0,0
BR 2607-282,2026-07-28,,300-E024,EK : SMK Seri Tanjung,PAYMENT FOR EK3_RUJ x28,830.0,0
BR 2607-303,2026-07-28,OR03888,300-S215,SMK : SM Sains Johor,PAYMENT,1145.4,0
BR 2607-314,2026-07-28,,300-A028,KMK : SMK Tun Syed Zahiruddin,PAYMENT FOR KMK3_MTP x9,108.0,0
BR 2607-277,2026-07-29,,300-N011,PAM : Maktab Sultan Abu Bakar,"PAYMENT FOR PA3_NOTA x12, PA3_MTP x12",468.0,0
BR 2607-279,2026-07-29,,300-N071,BIO : SMK Gajah Berang,PAYMENT FOR BIO3_RUJ x5,240.0,0
BR 2607-280,2026-07-29,,300-F039,PAM : SMK Aminuddin Baki,"PAYMENT FOR PA3_NOTA x11, PA3_MTP x11",451.0,0
BR 2607-283,2026-07-29,,300-E010,SJH : SMK Dato Mohd Yunos Sulaiman,PAYMENT FOR SJH3_MTP x32,384.0,0
BR 2607-284,2026-07-29,,300-M093,MUET : SMKA Maahad Muar,PAYMENT FOR MUET_THEMA x30,1140.0,0
BR 2607-285,2026-07-29,,300-H101,MUET : SMK Dol Said,PAYMENT FOR MUET_MTP x8,200.0,0
BR 2607-286,2026-07-29,,300-K021,PAM : SMK Munshi Abdullah,PAYMENT FOR PA1_NOTA x14,490.0,0
BR 2607-287,2026-07-29,,300-A013,PAM : SMK Sultan Ibrahim,"PAYMENT FOR PA3_NOTA x4, PA3_MTP x4",164.0,0
BR 2607-288,2026-07-29,,300-S232,SJH : SMKA Sharifah Rodziah,PAYMENT FOR SJH1_MTP x33,330.0,0
BR 2607-289,2026-07-29,OR03838,300-S264,SMK : SMK Pasir Gudang 2,PAYMENT,700.0,0
BR 2607-290,2026-07-29,OR03839,300-S144,SMK : SMK Skudai,PAYMENT,1239.0,0
BR 2607-291,2026-07-29,OR03840,300-S322,SMK : SMK Taman Bukit Indah,PAYMENT,2730.0,0
BR 2607-292,2026-07-29,,300-S261,SJH : SMK Dato Penggawa Timur,PAYMENT FOR SJH3_MODUL x8,160.0,0
BR 2607-293,2026-07-29,,300-R079,SJH : SMK Tinggi Muar,PAYMENT FOR SJH3_MTP x13,156.0,0
BR 2607-301,2026-07-29,OR03883,300-S032,SMK : SMK Munshi Sulaiman,PAYMENT,1000.0,0
BR 2607-302,2026-07-29,OR03885,300-S313,SMK : SMK Dato' Abdul Rahman Andak (SDARA),PAYMENT,1155.0,0
BR 2607-304,2026-07-29,OR03889,300-S015,SMK : SMK Sultan Abdul Jalil (SSAJ),PAYMENT,2672.6,0
BR 2607-315,2026-07-29,,300-N118,RBT : SMK Seri Gading,PAYMENT,225.0,0
BR 2607-316,2026-07-29,,399-9999,Unknow Debtor,PAYMENT,2262.0,2262
BR 2607-294,2026-07-30,,300-R043,SJH : SMK Bandar Mas,PAYMENT FOR SJH3_MTP x15,180.0,0
BR 2607-295,2026-07-30,,300-K019,KOP : Koperasi SMK Tinggi Melaka,PAYMENT FOR PAM3_NOTA x1,29.0,0
BR 2607-296,2026-07-30,,300-N140,SJH : SMK Adela,PAYMENT FOR SJH3_MTP x12,144.0,0
BR 2607-297,2026-07-30,,300-S337,PAM : SMK Bukit Gambir,"PAYMENT FOR PA1_NOTA x35, PA1_MTP x35",1645.0,0
BR 2607-298,2026-07-30,,300-A016,PAM : SMK Sultan Abdul Jalil (SSAJ),"PAYMENT FOR PA3_NOTA x15, PA3_MTP x15",615.0,0
BR 2607-299,2026-07-30,,300-N153,PP : SMK Pekan Baru,PAYMENT FOR PP1_MTP x9,90.0,0
BR 2607-300,2026-07-30,,300-S347,MUET : Kolej Tingkatan 6 Tun Fatimah (KUNTUM),PAYMENT FOR MUET_THEMA x12,456.0,0
BR 2607-305,2026-07-30,OR03841,300-S325,SMK : SMK Seri Tanjung,PAYMENT,821.6,0
BR 2607-306,2026-07-30,OR03843,300-S311,SMK : SMK Rahmat,PAYMENT,637.4,0
BR 2607-307,2026-07-30,,300-C010,BM : SMK Seri Tanjung,"PAYMENT FOR BM1_NOTA x50, BM1_MTP x50",1500.0,0
BR 2607-308,2026-07-30,,300-C010,BM : SMK Seri Tanjung,"PAYMENT FOR BM1_NOTA x50, BM1_MTP x50",1500.0,0
BR 2607-309,2026-07-31,,300-C010,BM : SMK Seri Tanjung,"PAYMENT FOR BM1_NOTA x10, BM1_MTP x10",300.0,0
BR 2607-310,2026-07-31,,300-A012,PAM : SMK Tasek Utara,"PAYMENT FOR PA1_NOTA x36, PA3_NOTA x2",1330.0,0
BR 2607-311,2026-07-31,,300-S355,SUKAN : SMK Munshi Abdullah,PAYMENT FOR SUKAN3_MODUL x40,1484.0,0
BR 2607-312,2026-07-31,OR03365,300-E005,SJH : SMK Tinggi Segamat,PAYMENT FROM CG KHAIRUS FOR SJH3_MODUL x6,130.0,0
BR 2607-313,2026-07-31,,300-Z008,PAM : SMK Tinggi Batu Pahat,PAYMENT FOR PA3_NOTA x20,580.0,0
CR 2607-070,2026-07-31,OR03844,300-K062,PAM : SMK Dato Seth,"PAYMENT FOR PA1_NOTA x23, PA1_MTP x23, PA3_NOTA x23, PA3_MTP x23",2024.0,0
CR 2607-071,2026-07-31,OR03845,300-N083,PAM : SMK Tunku Putra,"PAYMENT FOR PA2_NOTA x22, PA2_MTP x44, GRAF x44",1418.0,0
BR 2608-001,2026-08-03,,300-S080,SUKAN : SMK Dato Haji Hassan Yunus,PAYMENT FOR SUKAN3_MODUL x23,644.0,0
BR 2608-002,2026-08-03,,300-S104,EK : SMK Sultan Abdul Jalil (SSAJ),PAYMENT FOR EK1_LEMB x58,870.0,0
BR 2608-003,2026-08-03,,300-F044,BM : SMK Tun Ismail,PAYMENT FOR BM1_NOTA x1,18.0,0
BR 2608-004,2026-08-03,,300-N015,PSV : SMK Tunku Abdul Rahman Putra (STAR),PAYMENT FOR SV2_LEMB x25,500.0,0
BR 2608-005,2026-08-03,,300-Z039,PAM : SMK Dol Said,"PAYMENT FOR PA3_NOTA x8, PA3_MTP x8",328.0,0
BR 2608-006,2026-08-03,,300-A140,GEO : SMK Dato Sri Amar Diraja,PAYMENT FOR GEO1_LEMB x20,480.0,0
BR 2608-007,2026-08-03,OR03366,300-R074,BM : SMK Datuk Menteri,"PAYMENT FROM CG ZULHELMI FOR BM2_NOTA x13, BM2_MTP x12",312.0,0
BR 2608-012,2026-08-03,,300-N016,SJH : SMK Tunku Abdul Rahman Putra (STAR),PAYMENT FOR SJH3_MTP x27,326.0,0
BR 2608-008,2026-08-04,,300-S173,PAM : SMK Tunku Abdul Rahman Putra (STAR),"PAYMENT FOR PA3_NOTA x26, PA3_MTP x26",1066.0,0
BR 2608-009,2026-08-04,,300-S352,SJH : SMK Tun Perak,PAYMENT FOR SJH1_MTP x10,100.0,0
BR 2608-010,2026-08-04,,300-M054,PAM : SMK Johor Jaya 1,PAYMENT FOR PA1_NOTA x3,105.0,0
BR 2608-011,2026-08-04,,300-M054,PAM : SMK Johor Jaya 1,PAYMENT FOR PA3_NOTA x30,870.0,0
BR 2608-013,2026-08-04,,300-A010,GKT : SMK Seri Kenangan,"PAYMENT FOR GKT4 x6, GKT5 x5, SPM x5",479.0,0
BR 2608-014,2026-08-04,,300-N114,PAM : SMKA Sultan Muhammad,PAYMENT FOR PA3_NOTA x6,174.0,0
BR 2608-015,2026-08-04,OR03846,300-S056,SMK : SMK Tenang Stesen,PAYMENT,1026.6,0
BR 2608-016,2026-08-04,OR03847,300-S214,SMK : SMK Labis,PAYMENT,521.4,0
BR 2608-017,2026-08-04,,300-R028,PAM : SMK Tanjung Datuk,"PAYMENT FOR PA1_NOTA x19, PA1_MTP x19",893.0,0
BR 2608-018,2026-08-04,OR03891,300-S318,SMK : SMK Pasir Putih,PAYMENT,1915.0,0
BR 2608-019,2026-08-05,,300-F014,KMK : SMK Ulu Tiram,"PAYMENT FOR KMK3_RUJ x13, KMK3_MTP x13",403.0,0
BR 2608-020,2026-08-05,,300-F014,KMK : SMK Ulu Tiram,"PAYMENT FOR KMK1_RUJ x30, KMK1_MTP x30",1680.0,0
BR 2608-021,2026-08-05,,300-B015,BM : SMKA Bandar Penawar,PAYMENT FOR BM1_MTP x12,144.0,0
BR 2608-022,2026-08-05,,300-E022,EK : SMK Dato Jaafar,PAYMENT FOR EK3_RUJ x54,1620.0,0
BR 2608-023,2026-08-05,,300-F048,GKT : SMK Taman Universiti 2,"PAYMENT FOT GKT4 x2, GKT5 x6, SPM x6",398.0,0
BR 2608-024,2026-08-05,,300-M082,PAM : SMK Dato Penggawa Timur,PAYMENT FOR PA3_NOTA x5,145.0,0
BR 2608-025,2026-08-05,,300-M082,PAM : SMK Dato Penggawa Timur,PAYMENT FOR PA1_NOTA x42,1470.0,0
BR 2608-026,2026-08-05,,300-M072,GKT : SMK Bukit Katil,"PAYMENT FOR GKT4 x10, GKT5 x3",430.0,0
BR 2608-027,2026-08-05,,300-M039,PAM : SMK Sultan Alauddin,PAYMENT FOR PAM1_ESEI x9,252.0,0
BR 2608-028,2026-08-05,,300-A128,GKT : SMK St Joseph,"PAYMENT FOR GKT4 x11, GKT5 x11, SPM x11",979.0,0
CR 2608-001,2026-08-05,OR03848,300-A135,EK : SMK Tinggi Melaka,PAYMENT FOR EK3_RUJ x41,1230.0,0
CR 2608-002,2026-08-05,OR03849,300-K016,PAM : SMK Sultan Alauddin,"PAYMENT FOR PA1_ESEI x15, PA3_NOTA x13, PA3_MTP x13",953.0,0
CR 2608-003,2026-08-05,OR03903,300-N091,PAM : SMK Sultan Alauddin,"PAYMENT FOR PA1_NOTA x17, PA1_MTP x17",799.0,0
CR 2608-004,2026-08-05,OR03902,300-N091,PAM : SMK Sultan Alauddin,"PAYMENT FOR PA3_NOTA x18, PA3_MTP x18",738.0,0
BR 2608-029,2026-08-05,OR03904,300-S312,SMK : SMK Naning,PAYMENT,130.0,0
BR 2608-030,2026-08-05,OR03890,300-C001,RETAIL,PAYMENT FOR 1 SET A1 COMBO BAMBULAB,1980.0,0
BR 2608-031,2026-08-05,OR03892,300-S021,SMK : SMK Dato Sri Amar Diraja,PAYMENT,550.0,0
BR 2608-040,2026-08-05,OR03367,300-N016,SJH : SMK Tunku Abdul Rahman Putra (STAR),PAYMENT FOR SJH1_MTP x14,140.0,0
BR 2608-032,2026-08-06,,300-A012,PAM : SMK Tasek Utara,PAYMENT FOR PA3_NOTA x30,870.0,0
BR 2608-033,2026-08-06,,300-A012,PAM : SMK Tasek Utara,PAYMENT FOR PA3_NOTA x1,17.0,0
BR 2608-034,2026-08-06,,300-M094,MUET : SMK Aminuddin Baki,PAYMENT FOR MUET_THEMA x89,3382.0,0
BR 2608-035,2026-08-06,,300-H001,GKT : SMK Telok Mas,PAYMENT FOR GKT5 x1,30.0,0
BR 2608-036,2026-08-06,,300-S356,SJH : SMK Tun Tuah,PAYMENT FOR SJH3_MTP x11,132.0,0
BR 2608-037,2026-08-06,,300-M063,SJH : SMK Datuk Menteri,"PAYMENT FOR SJH1_MTP x22, SJH3_MTP x23",496.0,0
BR 2608-038,2026-08-06,,300-J037,EK : SMK Tanjung Datuk,"PAYMENT FOR EK1_LEMB x8, EK3_RUJ x5",270.0,0
BR 2608-039,2026-08-06,,300-N041,EK : SMK Adela,PAYMENT FOR EK3_RUJ x5,150.0,0
BR 2608-041,2026-08-06,,300-I022,PSV : SMK Pasir Gudang 2,PAYMENT FOR SV1_RUJ x5,160.0,0
BR 2608-042,2026-08-06,OR03905,300-S041,SMK : SMK Infant Jesus Convent JB,PAYMENT,1835.8,0
BR 2608-043,2026-08-06,OR03906,300-S339,SMK : SMK Taman Damansara Aliff,PAYMENT,750.5,0
BR 2608-044,2026-08-06,,300-M085,MUET : SMK Pasir Gudang 2,PAYMENT FOR MUET_MTP x12,300.0,0
BR 2608-045,2026-08-07,,300-M032,SJH : SMK Tinggi Melaka,PAYMENT FOR SJH3_MTP x17,204.0,0
BR 2608-046,2026-08-07,,300-R035,GEO : SMK Senggarang,PAYMENT FOR GEO1_LEMB x25,600.0,0
BR 2608-047,2026-08-07,,300-N029,SJH : SMK Tunku Putra,PAYMENT FOR SJH1_MTP x14,140.0,0
BR 2608-048,2026-08-07,,300-J034,EK : SMK Bandar Kota Tinggi,PAYMENT FOR EK3_RUJ x5,150.0,0
BR 2608-049,2026-08-07,,300-Z017,PSV : SMK Laksamana,PAYMENT FOR SV1_RUJ x10,320.0,0
BR 2608-050,2026-08-07,,300-E022,EK : SMK Dato Jaafar,PAYMENT FOR EK1_LEMB x82,1230.0,0
BR 2608-051,2026-08-07,,300-R024,BM : SMK Adela,"PAYMENT FOR BM1_NOTA x10, BM1_MTP x10",300.0,0
CR 2608-005,2026-08-07,OR03908,300-S274,KMK : SMK Tun Ismail,"PAYMENT FOR KMK3_RUJ x37, KMK3_MTP x20",943.0,0
BR 2608-052,2026-08-07,OR03909,300-S274,KMK : SMK Tun Ismail,"PAYMENT FOR KMK3_RUJ x1, KMK3_MTP x18",235.0,0
BR 2608-053,2026-08-07,OR03910,300-S018,SMK : SMK Raja Muda,PAYMENT,996.0,0
BR 2608-054,2026-08-07,OR03911,300-S126,SMK : SMK Bandar Maharani,PAYMENT,1855.9,0
BR 2608-055,2026-08-07,OR03912,300-S348,SMK : SMK Pagoh Perdana,PAYMENT,395.0,0
BR 2608-056,2026-08-07,,300-S122,SJH : SMK Tun Dr Ismail (STUDI),PAYMENT FOR SJH1_MTP x10,100.0,0
BR 2608-057,2026-08-07,,300-S122,SJH : SMK Tun Dr Ismail (STUDI),PAYMENT FOR SJH3_MTP x10,120.0,0
BR 2608-058,2026-08-07,,300-S122,SJH : SMK Tun Dr Ismail (STUDI),PAYMENT FOR SJH3_MODUL x10,200.0,0
BR 2608-059,2026-08-08,,300-A047,BM : SMK Senggarang,PAYMENT FOR BM1_NOTA x46,828.0,0
BR 2608-060,2026-08-08,,300-E001,GKT : SMK Taman Desa Skudai,"PAYMENT FOR GKT4 x7, GKT5 x5, SPM x5",513.0,0
BR 2608-061,2026-08-10,,300-N126,PAM : SMK Dato Onn,PAYMENT FOR PA3_NOTA x29,841.0,0
BR 2608-062,2026-08-10,,300-G012,SJH : Kolej Tingkatan 6 Tun Fatimah (KUNTUM),PAYMENT FOR SJH1_MTP x30,300.0,0
BR 2608-063,2026-08-10,,300-M082,PAM : SMK Dato Penggawa Timur,PAYMENT FOR PA1_NOTA x29,1015.0,0
BR 2608-064,2026-08-10,,300-M082,PAM : SMK Dato Penggawa Timur,PAYMENT FOR PA1_NOTA x4,140.0,0
BR 2608-065,2026-08-10,,300-R010,PAM : SMK Benut,"PAYMENT FOR PA1_NOTA X17, PA3_NOTA x13",988.0,0
CR 2608-006,2026-08-10,OR03913,300-R011,PSV : SMK Dato Mohd Yunos Sulaiman,PAYMENT FOR SV1_RUJ x23,738.0,0
BR 2608-066,2026-08-10,OR03914,300-S310,SMK : SMK Pulai Jaya,PAYMENT,2235.0,0
CR 2608-007,2026-08-10,OR03915,300-T001,PSV : SMK Sri Kukup,PAYMENT FOR SV1_RUJ x2,64.0,0
CR 2608-008,2026-08-10,OR03916,300-H012,PAM : Kolej Tingkatan Enam Pontian,"PAYMENT FOR PA1_NOTA x47, PA1_MTP x48",2221.0,0
CR 2608-009,2026-08-10,OR03918,300-H012,PAM : Kolej Tingkatan Enam Pontian,"PAYMENT FOR PA3_NOTA x110, PA3_MTP x86",4222.0,0
CR 2608-010,2026-08-10,OR03919,300-N166,KIMIA : Kolej Tingkatan Enam Pontian,PAYMENT FOR KIMIA1_TOP x6,120.0,0
BR 2608-067,2026-08-11,OR03368,300-M082,PAM : SMK Dato Penggawa Timur,PAYMENT FROM CG RAHMAH FOR PA1_NOTA x2,70.0,0
BR 2608-068,2026-08-11,,300-M024,SJH : SMK Johor Jaya 1,PAYMENT FOR SJH3_MODUL x24,480.0,0
BR 2608-069,2026-08-11,,300-N138,PAM : SMJK Pulau Sebang,PAYMENT FOR PA1_NOTA x36,1260.0,0
BR 2608-070,2026-08-11,,300-N138,PAM : SMJK Pulau Sebang,"PAYMENT FOR PA3_NOTA x20, PA3_MTP x20",820.0,0
BR 2608-071,2026-08-11,,300-Z055,SUKAN : SMK Tinggi Batu Pahat,PAYMENT FOR SUKAN3_MODUL x1,28.0,0
BR 2608-072,2026-08-11,,300-M024,SJH : SMK Johor Jaya 1,PAYMENT FOR SUKAN3_MTP x73,876.0,0
BR 2608-073,2026-08-11,,300-R010,PAM : SMK Benut,PAYMENT FOR PA3_NOTA x4,100.0,0
BR 2608-074,2026-08-11,,300-S237,PAM : SMK Lubok China,"PAYMENT FOR PA3_NOTA x15, PA3_MTP x15",615.0,0
BR 2608-075,2026-08-11,,300-A079,EK : SMK Tan Sri Jaafar Albar ,"PAYMENT FOR EK1_RUJ x3, EK1_LEMB x4, EK3_RUJ x10",426.0,0
BR 2608-076,2026-08-11,,300-J010,PAM : SMK Tun Syed Zahiruddin,PAYMENT FOR PA1_NOTA x22,770.0,0
BR 2608-077,2026-08-11,,300-J010,PAM : SMK Tun Syed Zahiruddin,PAYMENT FOR PA3_NOTA x52,1508.0,0
BR 2608-079,2026-08-11,,300-F005,PAM : SMK Gelang Patah,"PAYMENT FOR PA1_NOTA x3, PA1_MTP x3, PA1_ESEI x3",225.0,0
BR 2608-080,2026-08-11,,300-J013,BM : SMK Munshi Ibrahim,"PAYMENT FOR BM1_NOTA x2, BM1_MTP x2",60.0,0
BR 2608-078,2026-08-12,,300-S175,BM : SMK Tunku Putra,PAYMENT FOR BM1_MTP x30,360.0,0
BR 2608-081,2026-08-12,,300-H061,ARAB : Kolej Vokasional Datuk Seri Abu Zahar Isnin,PAYMENT FOR KV_ARAB1 x37,629.0,0
BR 2608-082,2026-08-12,,300-S224,EK : SMK Tun Sardon,PAYMENT FOR EK1_LEMB x12,180.0,0
BR 2608-083,2026-08-12,OR03369,300-K077,KOP : Koperasi Kolej Vokasional Perdagangan,PAYMENT FOR KV_ARAB1 x49,1190.0,0
BR 2608-084,2026-08-12,,300-S151,SRA : SMKA Bandar Penawar,PAYMENT FOR SYARIAH1_LEMB x10,280.0,0
BR 2608-085,2026-08-13,OR03370,300-A032,SJH : SMK Dato Sri Amar Diraja,PAYMENT FROM CG FARAHDILAH FOR SJH3_MTP x26,312.0,0
BR 2608-086,2026-08-13,,300-S342,MUET : Kolej Matrikulasi Kejuruteraan Johor,PAYMENT FOR MUET_THEMA x151,5000.0,0
BR 2608-087,2026-08-13,,300-S342,MUET : Kolej Matrikulasi Kejuruteraan Johor,PAYMENT FOR MUET_THEMA x152,5000.0,0
BR 2608-088,2026-08-13,OR03371,300-C001,RETAIL,PAYMENT FOR CANVAS_9090 x10,540.0,0
CR 2608-011,2026-08-13,OR03920,300-T002,PSV : SMK Tengku Mahkota,PAYMENT,53.0,0
CR 2608-012,2026-08-13,OR03921,300-J033,PAM : SMK Tinggi Muar,"PAYMENT FOR PA1_NOTA x15, PA1_MTP x12",669.0,0
CR 2608-013,2026-08-13,OR03922,300-J033,PAM : SMK Tinggi Muar,"PAYMENT FOR PA3_NOTA x15, PA13_MTP x15",615.0,0
BR 2608-089,2026-08-13,,300-S355,SUKAN : SMK Munshi Abdullah,PAYMENT FOR SUKAN3_MODUL x16,448.0,0
BR 2608-090,2026-08-13,,300-R069,PAM : SMK Tun Sardon,"PAYMENT FOR PA1_NOTA x40, PA1_MTP x40",1880.0,0
BR 2608-091,2026-08-13,,300-S338,PAM : SMK Labis,PAYMENT FOR PA3_NOTA x25,725.0,0
CR 2608-014,2026-08-13,OR03893,300-Y005,PSV : SMK Benut,PAYMENT FOR CANVAS_9090 x11,605.0,0
BR 2608-093,2026-08-13,OR03894,300-S332,SMK : SMK Impian Emas,PAYMENT,265.0,0
BR 2608-094,2026-08-13,OR03895,300-S265,SMK : SMK (P) Sultan Ibrahim,PAYMENT,0.0,0
BR 2608-092,2026-08-14,,300-E025,EK : SMK Tun Hussein Onn,PAYMENT FOR EK3_RUJ x12,360.0,0
BR 2608-095,2026-08-14,,300-H054,EK : SMK Tengku Mahkota,PAYMENT FOR EK3_RUJ x6,180.0,0
BR 2608-096,2026-08-14,OR03930,300-A020,PSV: SMK Tinggi Kluang,PAYMENT FOR CANVAS_9090 x2,110.0,0
BR 2608-097,2026-08-14,,300-A065,PSV : SMK Dato Bentara Luar,PAYMENT FOR SV1_RUJ x9,288.0,0
BR 2608-098,2026-08-14,,300-M011,PAM : SMK Semerah,PAYMENT FOR PA1_NOTA x9,315.0,0
BR 2608-099,2026-08-14,,300-A104,PAM : SMK Tun Tuah,PAYMENT FOR PA1_NOTA x59,2065.0,0
BR 2608-100,2026-08-14,OR03896,300-K044,KV : Kolej Vokasional Batu Pahat,PAYMENT,2257.5,0
CR 2608-015,2026-08-14,OR03897,300-Z027,BM : SMK Munshi Sulaiman,PAYMENT FOR BM1_MTP x12,144.0,0
CR 2608-016,2026-08-14,OR03898,300-H045,PSV : SMK Munshi Sulaiman,PAYMENT FOR CASNVAS_9090 x21,1155.0,0
CR 2608-017,2026-08-14,OR03899,300-H045,PSV : SMK Munshi Sulaiman,PAYMENT FOR SV1_RUJ x25,800.0,0
CR 2608-018,2026-08-14,OR03923,300-P009,PSV : SMK Tun Ismail,PAYMENT FOR SV1_RUJ x20,640.0,0
CR 2608-019,2026-08-14,OR03925,300-S105,KMK : SMK Datuk Menteri,"PAYMENT FOR KMK1_RUJ x8, KMK1_MTP x8",448.0,0
CR 2608-020,2026-08-14,OR03926,300-S105,KMK : SMK Datuk Menteri,"PAYMENT FOR KMK3_RUJ x10, KMK3_MTP x10",310.0,0
CR 2608-021,2026-08-14,OR03927,300-N064,PAM : SMK Datuk Menteri,"PAYMENT FOR PA1_NOTA x14, PA1_ESEI x14",882.0,0
BR 2608-101,2026-08-14,OR03928,300-S074,PAM : SMK Datuk Menteri,"PAYMENT FOR PA1_NOTA x15, PA1_ESEI x5",665.0,0
BR 2608-102,2026-08-14,OR03929,300-S015,SMK : SMK Sultan Abdul Jalil (SSAJ),PAYMENT,266.0,0
BR 2608-107,2026-08-14,,300-K035,KOP : Koperasi Kolej Vokasional Melaka Tengah,PAYMENT FOR KV_ARAB1 x80,1360.0,0
BR 2608-103,2026-08-15,,300-S342,MUET : Kolej Matrikulasi Kejuruteraan Johor,PAYMENT FOR MUET_THEMA x89,2936.0,0
BR 2608-104,2026-08-15,,300-H006,PAM : SMK Aminuddin Baki,"PAYMENT FOR PA1_NOTA x3, PA1_MTP x3",141.0,0
BR 2608-108,2026-08-15,,300-J016,PSV : SMK Tinggi Muar,PAYMENT FOR CANVAS_9090 x4,220.0,0
BR 2608-105,2026-08-16,,300-N145,PSV : SMK Seri Tanjung,PAYMENT FOR CANVAS_9090 x13,715.0,0
BR 2608-106,2026-08-16,,300-F008,SJH : SMKA Bandar Penawar,"PAYMENT FOR SJH1_MTP x25, SJH3_MTP x19",478.0,0
BR 2608-109,2026-08-17,OR03936,300-N047,GEO : SMK Seri Tanjung,PAYMENT FOR GEO1_LEMB x18,432.0,0
BR 2608-110,2026-08-17,,300-N145,PSV : SMK Seri Tanjung,PAYMENT FOR CANVAS_9090 x3,165.0,0
BR 2608-111,2026-08-17,,300-N026,PAM : SMK (P) Sultan Abu Bakar,PAYMENT FOR PA1_NOTA x20,700.0,0
BR 2608-112,2026-08-17,,300-I027,PSV : SMK Sultan Alauddin,PAYMENT FOR SV1_RUJ x5,160.0,0
BR 2608-113,2026-08-17,,300-K007,KMK : SMK Adela,"PAYMENT FOR KMK3_RUJ x7, KMK3_MTP x7",217.0,0
CR 2608-022,2026-08-17,OR03931,300-A115,KMK : SMK Tun Haji Abdul Malek (STHAM),"PAYMENT FOR KMK1_RUJ x10, KMK1_MTP x16",632.0,0
CR 2608-023,2026-08-17,OR03932,300-A115,KMK : SMK Tun Haji Abdul Malek (STHAM),"PAYMENT FOR KMK3_RUJ x11, KMK3_MTP x11",341.0,0
CR 2608-024,2026-08-17,OR03933,300-R082,PAM : SMK Tun Haji Abdul Malek (STHAM),"PAYMENT FOR PA1_NOTA x40, PA1_MTP x40",1880.0,0
CR 2608-025,2026-08-17,OR03934,300-R082,PAM : SMK Tun Haji Abdul Malek (STHAM),"PAYMENT FOR PA3_NOTA x27, PA3_MTP x27",1107.0,0
CR 2608-026,2026-08-17,OR03937,300-N047,GEO : SMK Seri Tanjung,PAYMENT FOR GEO1_MTP x6,66.0,0
CR 2608-027,2026-08-17,OR03938,300-B009,PAM : SMK Dato' Haji Talib Karim,PAYMENT FOR PA1_NOTA x95,3325.0,0
CR 2608-028,2026-08-17,OR03939,300-A066,PSV : SMK Dato' Haji Talib Karim,PAYMENT FOR SV1_RUJ x18,576.0,0
CR 2608-029,2026-08-17,OR03940,300-B009,PAM : SMK Dato' Haji Talib Karim,PAYMENT FOR PA3_NOTA x66,1914.0,0
CR 2608-030,2026-08-17,OR03941,300-F019,PSV : SMJK Pulau Sebang,PAYMENT FOR SV1_RUJ x15,480.0,0
BR 2608-119,2026-08-17,OR03951,300-S141,SMK : SMK Taman Seri Saujana,PAYMENT,1170.0,0
BR 2608-120,2026-08-17,OR03952,300-S319,SMK : SMK Taman Scientex,PAYMENT,2370.0,0
BR 2608-121,2026-08-17,OR03900,300-S167,SMK : SMK Sri Perhentian,PAYMENT,3728.0,0
BR 2608-114,2026-08-18,,300-A045,BM : SMK Munshi Ibrahim,PAYMENT FOR BM3_MTP x14,168.0,0
BR 2608-115,2026-08-18,,300-H021,PAM : SMK Dato Bentara Dalam,"PAYMENT FOR PA1_NOTA x11, PA3_NOTA x13",762.0,0
BR 2608-116,2026-08-18,OR03945,300-P002,PSV : SMK Sultan Alaudin Riayat Shah 1  (SARSI),PAYMENT FOR CANVAS_9090 x9,495.0,0
BR 2608-117,2026-08-18,,300-S153,PAM : SMK Munshi Abdullah,PAYMENT FOR PA3_NOTA x25,725.0,0
CR 2608-031,2026-08-18,OR03942,300-P018,PAM : SMK Dato Bentara Dalam,PAYMENT FOR PA1_NOTA x15,525.0,0
CR 2608-032,2026-08-18,OR03943,300-P018,PAM : SMK Dato Bentara Dalam,PAYMENT FOR PA3_NOTA x11,319.0,0
CR 2608-033,2026-08-18,OR03944,300-K012,PSV : SMK Tinggi Segamat,PAYMENT FOR CANVAS_9090 x25,1375.0,0
BR 2608-118,2026-08-18,OR03946,300-S064,SMK : SMK Tunku Putra,PAYMENT,375.0,0
BR 2608-122,2026-08-19,,300-S349,KIMIA : SMK Johor Jaya 1,PAYMENT FOR KIMIA1_TOP x7,140.0,0
BR 2608-123,2026-08-19,,300-N048,PP : SMK Johor Jaya 1,PAYMENT FOR PP1_MTP x30,300.0,0
CR 2608-034,2026-08-19,OR03947,300-S210,BIO : SMK Taman Daya,"PAYMENT FOR BIO1_TOP x4, BIO3_TOP x3",136.0,0
CR 2608-035,2026-08-19,OR03948,300-M057,PSV : SMK Taman Daya,PAYMENT FOR SV1_RUJ x29,928.0,0
CR 2608-036,2026-08-19,OR03949,300-N048,PP : SMK Johor Jaya 1,PAYMENT FOR PP1_MTP x42,420.0,0
CR 2608-037,2026-08-19,OR03950,300-S108,AKAUN : SMK Johor Jaya 1,PAYMENT FOR AKAUN3_RUJ x6,204.0,0
CR 2608-038,2026-08-19,,300-S108,AKAUN : SMK Johor Jaya 1,PAYMENT FOR AKAUN3_RUJ x1,36.0,0
CR 2608-039,2026-08-19,,300-K078,MUET : SMK Johor Jaya 1,PAYMENT FOR MUET_THEMA x81,3080.0,0
BR 2608-124,2026-08-20,OR04001,300-H029,PAM : SMK Munshi Abdullah,"PAYMENT FOR PA1_NOTA x14, PA1_MTP x1",500.0,0
BR 2608-125,2026-08-20,OR04003,300-S247,SMK : SMK Tun Dr Ismail (STUDI),PAYMENT,2387.1,0
BR 2608-126,2026-08-20,,300-K051,KOP : Koperasi Kolej Vokasional Tanjung Piai,PAYMENT FOR KV_ARAB1 x34,578.0,0
BR 2608-127,2026-08-20,,300-L009,PAM : SMK Seri Tanjung,"PAYMENT FOR PA1_NOTA x20, PA1_MTP x20",940.0,0
BR 2608-128,2026-08-20,OR03372,300-L009,PAM : SMK Seri Tanjung,"PAYMENT FROM CG TIAN FOR PA3_NOTA x6, PA3_MTP x6",246.0,0
CR 2608-040,2026-08-21,OR04004,300-B002,SJH : SMK Sultan Abdul Jalil (SSAJ),PAYMENT FOR SJH3_MTP x32,384.0,0
CR 2608-041,2026-08-21,OR04005,300-B002,SJH : SMK Sultan Abdul Jalil (SSAJ),PAYMENT FOR SJH1_MTP x30,300.0,0
BR 2608-129,2026-08-21,OR04006,300-S003,SMK : SM Sains Sembrong,PAYMENT,3515.6,0
BR 2608-130,2026-08-21,OR04007,300-S003,SMK : SM Sains Sembrong,PAYMENT,774.0,0
BR 2608-131,2026-08-23,,300-N016,SJH : SMK Tunku Abdul Rahman Putra (STAR),PAYMENT FOR SJH3_MTP x28,336.0,0
BR 2608-132,2026-08-24,,300-H020,PAM : SMK Munshi Ibrahim,"PAYMENT FOR PA1_NOTA x1, PA1_MTP x10, PA3_MTP x1",175.0,0
BR 2608-133,2026-08-24,,300-S337,PAM : SMK Bukit Gambir,"PAYMENT FOR PA3_NOTA x36, PA3_MTP x36",1476.0,0
BR 2608-134,2026-08-24,,300-F012,PAM : SMK Tinggi Kluang,PAYMENT FOR PA1_NOTA x78,2730.0,0
BR 2608-135,2026-08-24,,300-N056,GKT : SMK Sultan Alauddin,"PAYMENT FOR GKT4 x3, GKT5 x8",342.0,0
BR 2608-136,2026-08-24,,300-M052,KMK : SMK Bandar Mas,"PAYMENT FOR KMK3_RUJ x11, KMK3_MTP x11",341.0,0
BR 2608-137,2026-08-24,OR03953,300-S064,SMK : SMK Tunku Putra,PAYMENT,1705.0,0
BR 2608-138,2026-08-24,OR03954,300-S333,SMK : SMK Paduka Tuan,PAYMENT,948.0,0
BR 2608-139,2026-08-24,OR03955,300-S189,SMK : SM Sains Muar,PAYMENT,3344.2,0
BR 2608-140,2026-08-24,OR03956,300-H030,EK : SMK Dato Onn,"PAYMENT FOR EK1_RUJ x10, EK3_RUJ x11",550.0,0
CR 2608-042,2026-08-24,OR03957,300-S257,BM : SMK (P) Temenggong Ibrahim (TIGS),"PAYMENT FOR BM1_NOTA x6, BM1_MTP x6",180.0,0
BR 2608-141,2026-08-24,,300-N016,SJH : SMK Tunku Abdul Rahman Putra (STAR),PAYMENT FOR SJH3_MODUL x12,240.0,0
BR 2608-142,2026-08-25,,300-W012,PAM : SMK Dol Said,"PAYMENT FOR PA1_MTP x3, PA3_MTP x8",132.0,0
BR 2608-143,2026-08-25,,300-Z017,PSV : SMK Laksamana,PAYMENT FOR SV1_RUJ x7,224.0,0
BR 2608-144,2026-08-26,,300-S172,PAM : SMK Bandar Easter,PAYMENT FOR PA3_NOTA x32,928.0,0
BR 2608-145,2026-08-26,,300-K021,PAM : SMK Munshi Abdullah,PAYMENT FOR PA3_NOTA x34,986.0,0
BR 2608-146,2026-08-26,,300-K021,PAM : SMK Munshi Abdullah,PAYMENT FOR PA1_NOTA x15,525.0,0
BR 2608-147,2026-08-26,,300-J015,EK : SMK Bandar Tenggara,PAYMENT FOR EK3_RUJ x9,270.0,0
BR 2608-148,2026-08-26,OR04012,300-H098,MUET : SMK Laksamana,PAYMENT FOR MUET_MTP x35,875.0,0
BR 2608-149,2026-08-26,,300-L009,PAM : SMK Seri Tanjung,"PAYMENT FOR PA3_NOTA x17, PA3_MTP x17",697.0,0
BR 2608-150,2026-08-26,OR03373,300-L009,PAM : SMK Seri Tanjung,"PAYMENT FROM CG DAHLIA FOR PA3_NOTA x27, PA3_MTP x27",1107.0,0
BR 2608-151,2026-08-26,,300-L009,PAM : SMK Seri Tanjung,"PAYMENT FOR PA1_NOTA x2, PA1_MTP x2",97.0,0
BR 2608-152,2026-08-26,OR04019,300-R004,PAM : SMK Ulu Tiram,"PAYMENT FOR PA3_NOTA x16, PA3_MTP x16",656.0,0
BR 2608-153,2026-08-26,,300-A035,EK : SMJK Pulau Sebang,PAYMENT FOR EK3_RUJ x12,360.0,0
BR 2608-154,2026-08-26,OR03958,300-S335,SMK : SMK Tengku Aris Bendahara,PAYMENT,6196.8,0
BR 2608-155,2026-08-26,,300-N106,PSV : SMK Iskandar Shah,PAYMENT FOR SV2_RUJ x15,420.0,0
BR 2608-157,2026-08-26,,300-N058,BM : SMK Tun Sardon,"PAYMENT FOR BM1_NOTA x5, BM1_MTP x5",150.0,0
CR 2608-043,2026-08-26,OR04018,300-R004,PAM : SMK Ulu Tiram,"PAYMENT FOR PA3_NOTA x47, PA3_MTP x47",1927.0,0
CR 2608-044,2026-08-26,OR04017,300-R004,PAM : SMK Ulu Tiram,"PAYMENT FOR PA3_NOTA x117, PA3_MTP x118",5511.0,0
BR 2608-158,2026-08-26,OR04016,300-S238,PAM : SMK Laksamana,PAYMENT FOR PA1_MTP x4,50.0,0
CR 2608-045,2026-08-26,OR04015,300-S238,PAM : SMK Laksamana,"PAYMENT FOR PA1_NOTA x37, PA1_MTP x34",1701.0,0
CR 2608-046,2026-08-26,OR04013,300-S238,PAM : SMK Laksamana,"PAYMENT FOR PA3_NOTA x50, PA3_MTP x50",2050.0,0
CR 2608-047,2026-08-26,OR04011,300-A027,PAM : SMK Tun Habab,"PAYMENT FOR PA1_NOTA x16, PA1_MTP x18",776.0,0
CR 2608-048,2026-08-26,OR04010,300-S094,SJH : SMK Tun Habab,PAYMENT FOR SJH1_MTP x20,200.0,0
CR 2608-049,2026-08-26,OR04009,300-Y008,PAM : SMK Tan Sri Jaafar Albar ,"PAYMENT FOR PA1_NOTA x32, PA1_MTP x32, PA3_NOTA x15, PA3_MTP x15",2120.0,1
BR 2608-159,2026-08-26,OR04008,300-S350,SMK : SMK Tan Sri Jaafar Albar,PAYMENT,500.0,0
BR 2608-170,2026-08-26,,300-B010,IPG : IPGK Tun Hussein Onn,PAYMENT FOR BUKU ILMU FIQH x18,480.0,0
BR 2608-156,2026-08-27,,300-A119,SJH : SMK Tasek Utara,PAYMENT FOR SJH1_MTP x72,720.0,0
BR 2608-160,2026-08-27,OR04023,300-F049,BM : SMK (P) Sultan Abu Bakar,"PAYMENT FOR BM1_NOTA x24, BM1_MTP x24",720.0,0
BR 2608-161,2026-08-27,,300-N149,ARAB : SMKA Sultan Muhammad,PAYMENT FOR ARAB1_LEMB x23,690.0,0
CR 2608-050,2026-08-27,OR04020,300-N052,GEO : SMK Tengku Mahkota,"PAYMENT FOR GEO1_LEMB x12, GEO1_MTP x12",420.0,0
CR 2608-051,2026-08-27,OR04021,300-N098,BM : SMK Tengku Mahkota,"PAYMENT FOR BM1_NOTA x32, BM1_MTP x32",760.0,0
BR 2608-162,2026-08-27,OR04022,300-S065,SMK : SMK Tengku Mahkota,PAYMENT,2872.0,0
BR 2608-163,2026-08-27,OR04024,300-S162,SMK : SMK Tinggi Muar,PAYMENT,275.0,0
BR 2608-164,2026-08-27,OR04025,300-S020,SMK : SMK Air Molek,PAYMENT,810.0,0
BR 2608-165,2026-08-27,OR03959,300-S265,SMK : SMK (P) Sultan Ibrahim,PAYMENT,3114.2,0
BR 2608-166,2026-08-27,OR03960,300-D004,SJH : Maktab Sultan Abu Bakar,PAYMENT FOR SJH1_MTP x21,210.0,0
CR 2608-052,2026-08-27,OR03961,300-I029,PAM : SMK Taman Daya,"PAYMENT FOR PA1_NOTA x80, PA1_MTP x80, RM5",3765.0,0
CR 2608-053,2026-08-27,OR03962,300-I029,PAM : SMK Taman Daya,"PAYMENT FOR PA3_NOTA x56, PA3_MTP x29",1972.0,0
CR 2608-054,2026-08-27,OR03963,300-J005,SJH : SMK Pasir Gudang 2,PAYMENT FOR SJH3_MTP x1,12.0,0
BR 2608-167,2026-08-27,OR03964,300-S324,SMK : SMK Seri Alam 2,PAYMENT,2646.8,0
BR 2608-168,2026-08-27,OR03965,300-S138,SMK : SMK Dato Abdul Rahman Yassin,PAYMENT,636.4,0
BR 2608-169,2026-08-27,,300-A140,GEO : SMK Dato Sri Amar Diraja,PAYMENT FOR GEO1_MTP x2,22.0,0
BR 2608-171,2026-08-28,,300-E020,EK : SMK Sultan Ibrahim,PAYMENT FOR EK3_RUJ x43,1290.0,0
BR 2608-172,2026-08-28,,300-J018,BM : SMK Pasir Gudang 2,PAYMENT FOR BM1_MTP x28,336.0,0
BR 2608-173,2026-08-28,,300-S088,BM : SMK Raja Muda,"PAYMENT FOR BM3_NOTA x13, BM3_MTP x13",390.0,0
CR 2608-055,2026-08-28,OR04026,300-I011,PAM : SMK Dato Seth,PAYMENT FOR PA3_NOTA x19,551.0,0
CR 2608-056,2026-08-28,OR04027,300-Z059,MUET : SMK Dato Seth,"PAYMENT FOR MUET_THEMA x54, MUET_MTP x54",3402.0,0
BR 2608-174,2026-08-28,OR04028,300-S012,SMK : SMK Seri Bali,PAYMENT,2287.0,0
BR 2608-180,2026-08-28,,300-N117,BM : SMK Pasir Gudang 2,PAYMENT FOR BM1_NOTA x29,522.0,0
BR 2608-181,2026-08-28,,300-R063,IPG : IPGK Perempuan Melayu,PAYMENT FOR BUKU ENGLISH x25,500.0,0
BR 2608-182,2026-08-28,,300-R063,IPG : IPGK Perempuan Melayu,PAYMENT FOR BUKU ENGLISH x23,460.0,0
BR 2608-175,2026-08-29,,300-T010,IPG : IPGK Tun Hussein Onn,PAYMENT FOR BUKU DIGITAL x 68,1224.0,0
BR 2608-176,2026-08-31,,300-A104,PAM : SMK Tun Tuah,PAYMENT FOR PA3_NOTA x50,1450.0,0
BR 2608-177,2026-08-31,,300-H089,IPG : IPGK Tun Hussein Onn,PAYMENT FOR BUKU ALQURAN x11,200.0,0
BR 2608-178,2026-08-31,,300-H089,IPG : IPGK Tun Hussein Onn,PAYMENT FOR BUKU ALQURAN x11,200.0,0
BR 2608-179,2026-08-31,,300-H089,IPG : IPGK Tun Hussein Onn,PAYMENT FOR BUKU ALQURAN x7,122.0,0
BR 2608-183,2026-08-31,,300-R063,IPG : IPGK Perempuan Melayu,PAYMENT FOR BUKU ENGLISH x25,500.0,0
BR 2609-001,2026-09-01,,300-R063,IPG : IPGK Perempuan Melayu,PAYMENT FOR BUKU ENGLISH x27,540.0,0
BR 2609-002,2026-09-01,,300-R063,IPG : IPGK Perempuan Melayu,PAYMENT FOR BUKU ENGLISH x24,480.0,0
BR 2609-003,2026-09-01,,300-N130,IPG : IPGK Perempuan Melayu,PAYMENT FOR BUKU IBADAH x34,612.0,0
BR 2609-004,2026-09-01,,300-R063,IPG : IPGK Perempuan Melayu,PAYMENT FOR BUKU ENGLISH x12,250.0,0
BR 2609-005,2026-09-01,,300-R063,IPG : IPGK Perempuan Melayu,PAYMENT FOR BUKU ENGLISH x9,170.0,0
BR 2609-006,2026-09-01,,300-A146,IPG : IPGK Tun Hussein Onn,PAYMENT FOR BUKU AKIDAH x23,483.0,0
BR 2609-007,2026-09-01,,300-C001,RETAIL,PAYMENT FOR CANVAS_6080 x31,775.0,0
BR 2609-016,2026-09-01,,300-R063,IPG : IPGK Perempuan Melayu,PAYMENT FOR BUKU ENGLISH x24,480.0,0
BR 2609-008,2026-09-02,,300-M068,IPG : IPGK Temenggong Ibrahim,PAYMENT FOR BUKU PENGANTAR x2,38.0,0
BR 2609-009,2026-09-02,,300-K065,SJH : SMK Iskandar Shah,PAYMENT FOR SJH3_MTP x40,480.0,0
BR 2609-010,2026-09-02,,300-K065,SJH : SMK Iskandar Shah,PAYMENT FOR SJH1_MTP x30,300.0,0
BR 2609-011,2026-09-02,,300-A057,PAM : SMK Bandar Mas,"PAYMENT FOR PA3_NOTA x31, PA3_MTP x31",1271.0,0
BR 2609-012,2026-09-02,,300-S068,GKT : SMK Bandar Maharani,"PAYMENT FOR GKT4 x8, GKT5 x17, SPM x17",1207.0,0
BR 2609-013,2026-09-02,,300-A121,IPG : IPGK Tun Hussein Onn,PAYMENT FOR BUKU FONETIK x74,1554.0,0
BR 2609-014,2026-09-02,OR03374,300-R010,PAM : SMK Benut,PAYMENT FROM CG FADAK FOR PA1_NOTA x22,770.0,0
BR 2609-015,2026-09-02,,300-I019,GKT : SMK Mutiara Rini,PAYMENT FOR SPM x4,100.0,0
BR 2609-017,2026-09-02,,300-A144,Arus Maju Enterprise,PAYMENT,6587.5,0
BR 2609-018,2026-09-03,,300-M068,IPG : IPGK Temenggong Ibrahim,PAYMENT FOR BUKU PENGANTAR x337,6403.0,0
BR 2609-019,2026-09-03,,300-M050,IPG : IPGK Temenggong Ibrahim,PAYMENT FOR BUKU PROFESIONALISME x39,975.0,0
BR 2609-020,2026-09-03,OR04029,300-S336,SMK : SMK Gajah Berang,PAYMENT,228.0,0
BR 2609-021,2026-09-03,OR04030,300-S311,SMK : SMK Rahmat,PAYMENT,200.0,0
BR 2609-022,2026-09-03,OR04031,300-S057,SMK : SMK Convent Batu Pahat,PAYMENT,2583.0,0
BR 2609-023,2026-09-03,OR03966,300-S036,SMK : SMK Benut,PAYMENT,3977.0,0
BR 2609-024,2026-09-03,OR03967,300-S267,SMK : SMK Dato Usman Awang,PAYMENT,660.0,0
BR 2609-025,2026-09-04,,300-H104,IPG : IPGK Temenggong Ibrahim,PAYMENT FOR BUKU ALQURAN x40,720.0,0
BR 2609-026,2026-09-04,,300-N159,MUET : SMK Dato Haji Hassan Yunus,PAYMENT FOR MUET_THEMA x28,1079.0,0
BR 2609-027,2026-09-04,,300-N159,MUET : SMK Dato Haji Hassan Yunus,PAYMENT FOR MUET_THEMA x1,60.0,0
BR 2609-028,2026-09-04,,300-N159,MUET : SMK Dato Haji Hassan Yunus,PAYMENT FOR MUET_THEMA x1,1.0,0
BR 2609-029,2026-09-04,,300-K018,KOP : Koperasi Kolej Tingkatan 6 Tun Fatimah (KUNTUM),"PAYMENT FOR PA1_NOTA x34, PA1_MTP x32, PA3_NOTA x25, PA3_MTP x20, KMK1_RUJ x6",3524.0,0
BR 2609-030,2026-09-06,,300-S250,EK : SMK Tunku Abdul Rahman Putra (STAR),PAYMENT FOR EK3_RUJ x25,750.0,0
BR 2609-031,2026-09-06,OR03375,300-S092,BM : SMK Tinggi Segamat,"PAYMENT FROM CG SOLEHA FOR BM1_NOTA x6, BM1_MTP x6",180.0,0
BR 2609-032,2026-09-07,OR03376,300-L009,PAM : SMK Seri Tanjung,"PAYMENT FROM CG TIAN FOR PA3_NOTA x3, PA3_MTP x3",123.0,0
BR 2609-033,2026-09-07,,300-M046,SJH : SMK Lubok China,"PAYMENT FOR SJH1_MTP x30 , SJH3_MTP x23",586.0,0
BR 2609-034,2026-09-07,,300-M046,SJH : SMK Lubok China,PAYMENT FOR SJH3_MTP x1,2.0,0
BR 2609-035,2026-09-07,,300-F002,GKT : SMK Seri Kota Puteri,PAYMENT FOR GKT4 x6,204.0,0
BR 2609-036,2026-09-07,,300-F021,BM : SMK Pasir Gudang 2,PAYMENT FOR BM1_NOTA x30,540.0,0
BR 2609-037,2026-09-07,,300-H053,BM : SMK Tinggi Muar,"PAYMENT FOR BM3_NOTA x10, BM3_MTP x10",300.0,0
BR 2609-038,2026-09-07,,300-W011,KMK : SMK Seri Medan,"PAYMENT FOR KMK1_RUJ x8, KMK1_MTP x4",400.0,0
BR 2609-039,2026-09-07,,300-Z019,KMK : SMK Iskandar Shah,"PAYMENT FOR KMK3_RUJ x12, KMK3_MTP x12",372.0,0
BR 2609-040,2026-09-07,,300-H089,IPG : IPGK Tun Hussein Onn,PAYMENT FOR BUKU ALQURAN x22,396.0,0
CR 2609-001,2026-09-07,,300-C001,RETAIL,PAYMENT,54.0,0
CR 2609-002,2026-09-07,OR04032,300-F009,PAM : SMK Tinggi Segamat,PAYMENT FOR PA3_NOTA x97,2813.0,0
CR 2609-003,2026-09-07,OR04033,300-S092,BM : SMK Tinggi Segamat,"PAYMENT FOR BM1_NOTA x59, BM1_MTP x59",1770.0,0
CR 2609-004,2026-09-07,OR04034,300-L004,PAM : SMK Dato Sri Amar Diraja,"PAYMENT FOR PA1_NOTA x67, PA1_MTP x32, PA3_NOTA x45, PA3_MTP x45",4574.0,0
BR 2609-043,2026-09-07,,300-A073,ARAB : Kolej Vokasional Datuk Seri Mohd Zin,PAYMENT FOR KV_ARAB1 x80,1360.0,0
BR 2609-044,2026-09-07,OR03969,300-K044,KV : Kolej Vokasional Batu Pahat,PAYMENT,389.0,0
BR 2609-041,2026-09-08,,300-N104,PAM : SMK Pasir Gudang 2,PAYMENT FOR PA1_MTP x24,288.0,0
BR 2609-042,2026-09-08,,300-K040,BM : SMK Ledang,PAYMENT FOR BM1_NOTA x23,414.0,0
BR 2609-045,2026-09-08,OR03377,300-S092,BM : SMK Tinggi Segamat,"PAYMENT FROM CG SOLEHA FOR BM1_NOTA x16, BM1_MTP x16",480.0,0
BR 2609-046,2026-09-08,,300-H016,PAM : SMK Tun Perak,"PAYMENT FOR PA1_MTP x14, PA3_MTP x24",456.0,0
BR 2609-048,2026-09-08,,300-J013,BM : SMK Munshi Ibrahim,"PAYMENT FOR BM3_NOTA x12, BM3_MTP x12",360.0,0
BR 2609-047,2026-09-09,OR04035,300-I022,PSV : SMK Pasir Gudang 2,PAYMENT FOR CANVAS_9090 x2,110.0,0
BR 2609-049,2026-09-09,,300-R017,KMK : SMK (P) Sultan Abu Bakar,"PAYMENT FOR KMK3_RUJ x5, KMK3_MTP x5",155.0,0
BR 2609-051,2026-09-09,,300-N108,IPG : IPGK Tun Hussein Onn,PAYMENT FOR BUKU PENULISAN x168,3192.0,0
CR 2609-005,2026-09-09,OR04036,300-J023,BM : SMK Skudai,PAYMENT FOR BM1_MTP x92,1104.0,0
CR 2609-006,2026-09-09,OR04037,300-A017,PSV : SMK Sultan Abdul Jalil (SSAJ),PAYMENT FOR CANVAS_9090 x22,1210.0,0
BR 2609-050,2026-09-10,,300-K081,MUET : SMK Dato Mohd Yunos Sulaiman,PAYMENT FOR MUET_THEMA x13,484.0,0
BR 2609-052,2026-09-10,,300-A084,BM : SMK Tanjung Datuk,"PAYMENT FOR BM1_NOTA x19, BM1_MTP x19, BM3_MTP x13",726.0,0
BR 2609-065,2026-09-10,OR04039,300-S314,SMK : SMK Sri Muar,PAYMENT,119.9,0
CR 2609-007,2026-09-10,OR04040,300-R070,PAM : SMK Iskandar Shah,"PAYMENT FOR PA1_NOTA x65, PA1_MTP x65",3055.0,0
CR 2609-008,2026-09-10,OR04041,300-R070,PAM : SMK Iskandar Shah,"PAYMENT FOR PA3_NOTA x40, PA3_MTP x40",1640.0,0
BR 2609-053,2026-09-11,,300-Z058,KIMIA : SMK Tun Syed Zahiruddin,PAYMENT FOR KIMIA1_TOP x5,100.0,0
BR 2609-054,2026-09-11,,300-K012,PSV : SMK Tinggi Segamat,PAYMENT FOR SV1_RUJ x5,160.0,0
BR 2609-055,2026-09-11,,300-M042,BIO : SMK Ghafar Baba,PAYMENT FOR BIO3_RUJ x3,144.0,0
BR 2609-056,2026-09-11,,300-M015,SJH : SMK Sultan Alauddin,PAYMENT FOR SJH3_MTP x32,384.0,0
BR 2609-057,2026-09-11,,300-A118,PP : SMK Dato Bentara Dalam,PAYMENT FOR PP1_MTP x14,140.0,0
BR 2609-058,2026-09-11,,300-T005,SJH : SMK Labis,PAYMENT FOR SJH3_MTP x7,84.0,0
BR 2609-059,2026-09-11,,300-Y012,PAM : SMK Munshi Ibrahim,"PAYMENT FOR PA3_NOTA x10, PA3_MTP x10",410.0,0
BR 2609-060,2026-09-11,,300-M089,MUET : SMK Dato Sulaiman,PAYMENT FOR MUET_MTP x26,650.0,0
BR 2609-061,2026-09-11,,300-N157,MUET : SMK Parit Bunga,PAYMENT FOR MUET_MTP x10,250.0,0
BR 2609-062,2026-09-11,OR03378,300-R010,PAM : SMK Benut,PAYMENT FROM CG YUNASRIL FOR PA1_NOTA x18,630.0,0
BR 2609-063,2026-09-11,OR03379,300-R010,PAM : SMK Benut,PAYMENT FROM CG YUNASRIL FOR PA3_NOTA x13,377.0,0
BR 2609-064,2026-09-11,,300-R064,SJH : SMK Sultan Ibrahim,"PAYMENT FOR SJH1_MTP x19, SJH3_MTP x19",418.0,0
BR 2609-066,2026-09-11,,300-N059,PSV : SMK Tinggi Batu Pahat,PAYMENT FOR SV2_LEM x2,40.0,0
BR 2609-067,2026-09-11,,300-K043,SUKAN : SMK Tun Haji Abdul Malek (STHAM),PAYMENT FOR SUKAN3_MODUL x15,420.0,0
BR 2609-068,2026-09-11,,300-S077,AKAUN : SMK Dato Jaafar,PAYMENT FOR AKAUN3_RUJ x32,1088.0,0
BR 2609-069,2026-09-11,OR04043,300-N084,EK : Kolej Tingkatan Enam Pontian,PAYMENT FOR EK3_RUJ x22,660.0,0
CR 2609-009,2026-09-11,OR04042,300-K011,KMK : Kolej Tingkatan Enam Pontian,"PAYMENT FOR KMK1_RUJ x3, KMK1_MTP x20, KMK3_RUJ x3, KMK3_MTP x15",609.0,0
CR 2609-010,2026-09-11,OR04044,300-H069,PSV : SMK Tun Sardon,PAYMENT FOR CANVAS_9090 x20,1100.0,0
CR 2609-011,2026-09-11,OR04045,300-M041,PSV : SMK Senggarang,PAYMENT FOR SV1_RUJ x25,800.0,0
BR 2609-070,2026-09-14,,300-H041,PSV : SMK Raja Muda,PAYMENT FOR CANVAS_9090 x7,385.0,0
BR 2609-071,2026-09-14,,300-I014,KMK : SMK Seri Tanjung,"PAYMENT FOR KMK1_RUJ x20, KMK1_MTP x30",1240.0,0
BR 2609-072,2026-09-14,,300-K054,IPG : IPGK Perempuan Melayu,PAYMENT FOR BUKU PEDAGOGI x71,1349.0,0
BR 2609-073,2026-09-14,,300-K058,KOP : Koperasi Kolej Vokasional ERT Azizah,PAYMENT FOR KV_ARAB1 x50,850.0,0
BR 2609-074,2026-09-14,OR03380,300-L009,PAM : SMK Seri Tanjung,"PAYMENT FROM CG ABD SHAHROM FOR PA3_NOTA x15, PA3_MTP x12",579.0,0
BR 2609-075,2026-09-14,,300-P025,PAM : SMK Tun Hussein Onn,"PAYMENT FOR PA3_NOTA x79, PA3_MTP x79, PA1_MTP x30",3600.0,0
BR 2609-076,2026-09-14,,300-N114,PAM : SMKA Sultan Muhammad,PAYMENT FOR PA1_NOTA x3,105.0,0
BR 2609-077,2026-09-14,,300-F010,PAM : SMK Tun Ismail,"PAYMENT FOR PA3_NOTA x41, PA3_MTP x41",1681.0,0
BR 2609-078,2026-09-14,,300-S232,SJH : SMKA Sharifah Rodziah,PAYMENT FOR SJH3_MTP x22,264.0,0
CR 2609-012,2026-09-14,OR04046,300-S288,PAM : SMK Tunku Abdul Rahman Putra (STAR),"PAYMENT FOR PA1_NOTA x4, PA1_MTP x20, PA1_ESEI x11, PA3_NOTA x24, PA3_MTP x17",1588.0,0
CR 2609-013,2026-09-14,OR04047,300-S250,EK : SMK Tunku Abdul Rahman Putra (STAR),PAYMENT FOR EK3_RUJ x25,750.0,0
CR 2609-014,2026-09-14,OR04048,300-R058,PAM : SMK Tunku Abdul Rahman Putra (STAR),"PAYMENT FOR PA1_NOTA x28, PA1_MTP x28, PA1_ESEI x28",2100.0,0
BR 2609-079,2026-09-14,OR04049,300-R058,PAM : SMK Tunku Abdul Rahman Putra (STAR),"PAYMENT FOR PA1_NOTA x2, PA1_MTP x2, PA1_ESEI x2",150.0,0
BR 2609-080,2026-09-14,OR04050,300-R058,PAM : SMK Tunku Abdul Rahman Putra (STAR),"PAYMENT FOR PA3_NOTA x27, PA3_MTP x27",1107.0,0
CR 2609-015,2026-09-14,OR04051,300-R012,KMK : SMK Sultan Ibrahim,"PAYMENT FOR KMK1_RUJ x30, KMK1_MTP x30",1680.0,0
CR 2609-016,2026-09-14,OR04052,300-R012,KMK : SMK Sultan Ibrahim,"PAYMENT FOR KMK3_RUJ x15, KMK3_MTP x15",465.0,0
BR 2609-081,2026-09-14,OR04053,300-S114,SMK : SMK Taman Universiti,PAYMENT,612.9,0
BR 2609-082,2026-09-15,,300-K072,BIO : SMK Tinggi Batu Pahat,"PAYMENT FOR BIO1_TOP x1, BIO3_TOP x3",88.0,0
BR 2609-083,2026-09-15,,300-B010,IPG : IPGK Tun Hussein Onn,PAYMENT FOR BUKU ILMU FIQH x13,274.0,0
BR 2609-084,2026-09-15,,300-R063,IPG : IPGK Perempuan Melayu,PAYMENT FOR BUKU ENGLISH x21,336.0,0
BR 2609-085,2026-09-15,OR04054,300-S357,SMK : SMK Taman Sri Kluang,PAYMENT,476.0,0
CR 2609-017,2026-09-15,OR04055,300-P025,PAM : SMK Tun Hussein Onn,PAYMENT FOR PA1_MTP x36,431.0,0
BR 2609-086,2026-09-15,,300-R063,IPG : IPGK Perempuan Melayu,PAYMENT FOR BUKU ENGLISH x26,520.0,0
BR 2609-100,2026-09-15,,300-R063,IPG : IPGK Perempuan Melayu,PAYMENT FOR BUKU ENGLISH x26,416.0,0
BR 2609-101,2026-09-15,,300-R063,IPG : IPGK Perempuan Melayu,PAYMENT FOR BUKU ENGLISH x26,520.0,0
BR 2609-087,2026-09-16,,300-R023,PAM : SMKA Maahad Muar,"PAYMENT FOR PA1_MTP x30, PA3_MTP x28",696.0,0
BR 2609-088,2026-09-16,,300-M082,PAM : SMK Dato Penggawa Timur,PAYMENT FOR PA3_NOTA x25,725.0,0
BR 2609-089,2026-09-16,,300-M082,PAM : SMK Dato Penggawa Timur,"PAYMENT FOR PA1_MTP x13, PA3_MTP x19",384.0,0
BR 2609-090,2026-09-16,,300-M082,PAM : SMK Dato Penggawa Timur,PAYMENT FOR PA1_MTP x4,48.0,0
BR 2609-091,2026-09-16,,300-H073,BIO : SMK Dol Said,PAYMENT FOR BIO3_TOP x3,72.0,0
BR 2609-092,2026-09-17,,300-N043,PAM : SMK Sultan Alaudin Riayat Shah 1  (SARSI),"PAYMENT FOR PA1_NOTA x40, PA1_MTP x40",1410.0,0
BR 2609-093,2026-09-17,OR03381,300-S104,EK : SMK Sultan Abdul Jalil (SSAJ),PAYMENT FOR EK3_RUJ x61,1830.0,0
BR 2609-094,2026-09-17,,300-K059,BIO : SMK Tun Syed Zahiruddin,"PAYMENT FOR BIO1_TOP x5, BIO3_RUJ x1, BIO3_TOP x1",152.0,0
BR 2609-095,2026-09-17,OR04056,300-S189,SMK : SM Sains Muar,PAYMENT,680.0,0
CR 2609-018,2026-09-17,OR04057,300-Z061,PAM : SMK Tun Syed Zahiruddin,PAYMENT FOR PA3_MTP x1,12.0,0
BR 2609-096,2026-09-17,OR04058,300-H029,PAM : SMK Munshi Abdullah,"PAYMENT FOR PA1_NOTA x3, PA1_MTP x16, +RM2",299.0,0
BR 2609-097,2026-09-17,OR04059,300-H029,PAM : SMK Munshi Abdullah,"PAYMENT FOR PA3_NOTA x22, PA3_MTP x22",902.0,0
BR 2609-098,2026-09-18,,300-R069,PAM : SMK Tun Sardon,"PAYMENT FOR PA3_NOTA x30, PA3_MTP x30",1230.0,0
BR 2609-099,2026-09-18,,300-F046,IPG : IPGK Perempuan Melayu,PAYMENT FOR BUKU PENULISAN x162,3078.0,0
BR 2609-102,2026-09-19,,300-I019,GKT : SMK Mutiara Rini,"PAYMENT FOR GKT4 x8, -RM10",262.0,0
BR 2609-105,2026-09-19,,300-S275,IPG : IPGK Tun Hussein Onn,PAYMENT FOR BUKU SINTAKSIS x85,1785.0,0
CR 2609-019,2026-09-21,OR04060,300-E011,SJH : SMK Bukit Gambir,PAYMENT FOR SJH1_MTP x15,150.0,0
BR 2609-103,2026-09-21,OR04061,300-H064,BM : SMK Tengku Mahmud Iskandar (STMI),"PAYMENT FOR BM1_NOTA x38, BM1_MTP x38",1140.0,0
CR 2609-020,2026-09-21,OR04062,300-Z057,KMK : SMK Tengku Mahmud Iskandar (STMI),"PAYMENT FOR KMK1_RUJ x4, KMK1_MTP x7, KMK3_RUJ x2, KMK3_MTP x2",322.0,0
BR 2609-104,2026-09-21,OR03970,300-S003,SMK : SM Sains Sembrong,PAYMENT,1615.0,0
BR 2609-106,2026-09-21,,300-R063,IPG : IPGK Perempuan Melayu,PAYMENT FOR BUKU ENGLISH x2,48.0,16
BR 2609-107,2026-09-21,,300-H061,ARAB : Kolej Vokasional Datuk Seri Abu Zahar Isnin,PAYMENT FOR KV_ARAB2 x37,666.0,0
BR 2609-108,2026-09-21,,300-M087,MUET : SMK Datuk Bendahara,PAYMENT FOR MUET_MTP x1,25.0,0
BR 2609-109,2026-09-22,OR03971,300-S305,SMK : SMK Maokil,PAYMENT,656.0,0
CR 2609-021,2026-09-22,OR04063,300-H099,MUET : SMKA Bandar Penawar,PAYMENT FOR MUET_THEMA x26,988.0,0
CR 2609-022,2026-09-22,OR04064,300-H004,PAM : SMK Bandar Kota Tinggi,"PAYMENT FOR PA1_NOTA x19, PA1_MTP x22, PA1_ESEI x22, PA3_NOTA x5, PA3_MTP x1, -2",1700.0,0
BR 2609-110,2026-09-23,,300-F012,PAM : SMK Tinggi Kluang,"PAYMENT FOR PA3_NOTA x66, PA3_MTP x66",2706.0,0
BR 2609-111,2026-09-23,,300-F012,PAM : SMK Tinggi Kluang,PAYMENT FOR PA1_MTP x78,936.0,0
BR 2609-112,2026-09-23,,300-H103,IPG : IPGK Temenggong Ibrahim,PAYMENT FOR BUKU ENGLISH x50,800.0,0
BR 2609-113,2026-09-23,,300-N020,BM : SMK Dato Mohd Yunos Sulaiman,PAYMENT FOR BM1_NOTA x24,432.0,0
BR 2609-114,2026-09-23,,300-A127,IPG : IPGK Tun Hussein Onn,PAYMENT FOR BUKU FIQH SIRAH x19,228.0,0
,,,,,,1483999.96,2279
